rank,wallet,age,perp_equity,open_value,leverage,current_bias,pnl_24h,pnl_7d,pnl_30d,pnl_all,source_file
1,0x5b5d51203a0f9079f8aeb098a6523a13f298c060,262d,$73.5M,$239M,3.25x,Very BearishBias Score: -3.24,+$8.06M,+$41.8M,+$76M,+$141M,1.html
2,0xecb63caa47c7c4e77f60f1ce858cf28dc2b82b00,661d,$61.6M,$184M,2.98x,Very BearishBias Score: -2.86,+$4.09M,+$14M,+$14.6M,+$127M,1.html
3,0xb83de012dba672c76a7dbbbf3e459cb59d7d6e36,262d,$21.6M,$38.9M,1.8x,Very BearishBias Score: -1.42,+$970K,+$8.48M,+$32.6M,+$110M,1.html
6,0x7fdafde5cfb5465924316eced2d3715494c517d1,410d,$52.3M,$161M,3.07x,Very BearishBias Score: -2.91,+$3.41M,+$16.9M,+$28.1M,+$94.2M,1.html
7,0x20c2d95a3dfdca9e9ad12794d5fa6fad99da44f5,417d,$2.47M,$4.99M,2.02x,Very BearishBias Score: -2.02,+$149K,+$871K,+$1.89M,+$74.7M,1.html
8,0x880ac484a1743862989a441d6d867238c7aa311c,388d,$21.8M,$108M,4.96x,Very BearishBias Score: -4.96,+$2.52M,+$10.4M,+$14.9M,+$72.4M,1.html
9,0xa312114b5795dff9b8db50474dd57701aa78ad1e,367d,$9.06M,$36M,3.98x,Very BearishBias Score: -3.85,-$18.1K,+$248K,-$115K,+$71.1M,1.html
11,0x8af700ba841f30e0a3fcb0ee4c4a9d223e1efa05,626d,$10.3M,$57.1M,5.53x,Very BullishBias Score: 2.92,-$538K,-$3.3M,-$4.87M,+$60.1M,1.html
12,0x45d26f28196d226497130c4bac709d808fed4029,682d,$40.5M,$83.5M,2.06x,Very BearishBias Score: -2.06,+$2.6M,+$10.4M,+$17.7M,+$56.4M,1.html
13,0x5d2f4460ac3514ada79f5d9838916e508ab39bb7,325d,$16.1M,$116M,7.18x,Very BearishBias Score: -7.18,+$2M,+$12.8M,+$18.4M,+$47.7M,1.html
14,0x023a3d058020fb76cca98f01b3c48c8938a22355,536d,$27.5M,$102M,3.73x,BearishBias Score: -0.74,+$666K,+$4.33M,+$1.78M,+$47.5M,1.html
15,0x9eec98d048d06d9cd75318fffa3f3960e081daab,185d,$48.2M,$258M,5.36x,Very BullishBias Score: 5.36,-$7.89M,-$18.6M,+$906K,+$41.4M,1.html
16,0x8e096995c3e4a3f0bc5b3ea1cba94de2aa4d70c9,339d,$20.5M,$54.3M,2.65x,Very BearishBias Score: -2.63,+$735K,+$4.99M,+$8.52M,+$40.5M,1.html
17,0x56498e5f90c14060499b62b6f459b3e3fb9280c5,332d,$1.22K,$0,0x,No Position¬†-Bias Score: 0,$0,-$35.5K,-$103K,+$38.6M,1.html
19,0xcac19662ec88d23fa1c81ac0e8570b0cf2ff26b3,186d,$35M,$37M,1.06x,Very BearishBias Score: -1.06,+$1.03M,+$4.69M,+$6.14M,+$31.1M,1.html
20,0xbadbb1de95b5f333623ebece7026932fa5039ee6,59d,$20.2M,$30.1M,1.49x,Very BullishBias Score: 1.49,-$2.14M,-$5.73M,+$2.35M,+$30.3M,1.html
21,0x939f95036d2e7b6d7419ec072bf9d967352204d2,122d,$9.45M,$42.8M,4.53x,Very BearishBias Score: -4.53,+$733K,+$4.54M,+$8.77M,+$29.6M,1.html
23,0xa87a233e8a7d8951ff790a2e39738086cb5f71b7,661d,$20.4M,$24M,1.18x,Very BearishBias Score: -1.18,+$645K,+$3.3M,+$4.56M,+$23.2M,1.html
24,0x856c35038594767646266bc7fd68dc26480e910d,339d,$33.1M,$85.4M,2.58x,Very BearishBias Score: -2.53,+$1.13M,+$6.9M,+$5.84M,+$22.8M,1.html
25,0x35d1151ef1aab579cbb3109e69fa82f94ff5acb1,115d,$14M,$50.1M,3.58x,Very BearishBias Score: -3.58,+$1.8M,+$8.98M,+$13.2M,+$21.5M,1.html
26,0x123dbca6a27005a3c4ce10cb66ee8ece8fc13bff,346d,$8.89M,$42.7M,4.81x,Slightly BearishBias Score: -0.32,+$542K,+$1.31M,-$1.35M,+$21.1M,1.html
27,0x418aa6bf98a2b2bc93779f810330d88cde488888,115d,$6.55M,$34.7M,5.29x,Very BearishBias Score: -5.29,+$790K,+$3.93M,+$6.51M,+$20.1M,1.html
28,0xd5ff5491f6f3c80438e02c281726757baf4d1070,192d,$0.01,$0,0x,No Position¬†-Bias Score: 0,$0,$0,+$38.3K,+$20.1M,1.html
29,0x8607a7d180de23645db594d90621d837749408d5,647d,$12.7M,$13.8M,1.08x,Very BullishBias Score: 0.81,-$144K,-$1.02M,-$1.37M,+$20M,1.html
30,0xd47587702a91731dc1089b5db0932cf820151a91,298d,$33.8M,$71.6M,2.12x,Very BearishBias Score: -2.04,+$271K,+$2.72M,-$6.55M,+$19.7M,1.html
31,0x9263c1bd29aa87a118242f3fbba4517037f8cc7a,199d,$10.9M,$66.8M,6.13x,Very BullishBias Score: 5.96,-$1.91M,-$7.81M,+$1.38M,+$19.4M,1.html
34,0x1c020f03305acd09994c1910d440646e4a5f91b0,150d,$8.42M,$14M,1.66x,Very BearishBias Score: -1.66,+$432K,+$2.35M,+$2.42M,+$17.7M,1.html
35,0x162cc7c861ebd0c06b3d72319201150482518185,381d,$5.25M,$2.13M,0.4x,Slightly BullishBias Score: 0.26,+$76K,+$156K,+$1.4M,+$17.1M,1.html
36,0xd4c1f7e8d876c4749228d515473d36f919583d1d,116d,$6.93M,$59.4M,8.57x,Very BearishBias Score: -8.57,+$1.25M,+$4.33M,+$4.97M,+$16.2M,1.html
37,0xe86b057f5eb764c9738d6b0d38170befd0723664,564d,$9.47M,$14.4M,1.52x,Very BearishBias Score: -1.27,+$712K,+$2.11M,+$2.54M,+$15.8M,1.html
38,0x15271757b398cd1d3d7cca05c4f7b0c159afa7c2,158d,$2.49M,$30.9M,12.38x,Very BullishBias Score: 12.38,-$404K,-$355K,-$355K,+$15.6M,1.html
39,0x091159a8106b077c13e89bc09701117e8b5f129a,59d,$20.5M,$20.3K,0x,Indecisive¬†-Bias Score: -0,+$1.47K,+$6.59K,+$19.8K,+$15.4M,1.html
41,0x7fe8cfe481ec2f702692a9152e3f002f3e417ac6,717d,$3.48M,$53.3K,0.02x,Indecisive¬†-Bias Score: 0.02,-$39.6K,+$1.96M,+$8.03M,+$15M,1.html
42,0x15b325660a1c4a9582a7d834c31119c0cb9e3a42,220d,$5.35M,$1.73M,0.32x,Slightly BullishBias Score: 0.32,-$50.1K,-$285K,-$7.11M,+$14.8M,1.html
43,0x6859da14835424957a1e6b397d8026b1d9ff7e1e,556d,$3.28M,$13.5M,4.12x,Very BearishBias Score: -3.99,+$255K,+$995K,+$1.81M,+$14.5M,1.html
45,0xbfc79c444c41a74516bf31237ebf586a231480b4,675d,$2.57M,$5.44M,2.12x,Very BearishBias Score: -1.51,-$126K,+$27.7K,-$769K,+$13.6M,1.html
46,0x9e8b1e51c642f4c8b87c6ba11c53d516a218afc4,577d,$6.15M,$2.87M,0.47x,BearishBias Score: -0.47,+$6.21K,+$215K,+$307K,+$12.5M,1.html
47,0x7717a7a245d9f950e586822b8c9b46863ed7bd7e,284d,$9.62M,$22.8M,2.37x,Very BearishBias Score: -1.08,+$270K,+$3.44M,+$2.83M,+$12.5M,1.html
48,0x8cc94dc843e1ea7a19805e0cca43001123512b6a,563d,$9.48M,$29.1M,3.07x,Very BearishBias Score: -2.08,+$418K,+$2.2M,+$2.28M,+$11.8M,1.html
49,0x2ba553d9f990a3b66b03b2dc0d030dfc1c061036,361d,$4.78M,$31.6M,6.62x,Very BearishBias Score: -0.84,-$486K,-$1.15M,-$2.15M,+$11.6M,1.html
54,0xace0a4c087f7f199328fb1e38d8d27bd237b03fd,199d,$1.01M,$0,0x,No Position¬†-Bias Score: 0,$0,+$1.76M,+$4.81M,+$10.6M,1.html
55,0xb3e475368ed0fa0ad23c04de0423d48a0758806f,668d,$2.28M,$2.09M,0.92x,Very BearishBias Score: -0.92,+$836K,+$1.82M,+$2.39M,+$10.5M,1.html
57,0x9458f423df6569f053358ee9906613cd69c1ec04,305d,$70.5K,$63.7K,0.9x,Very BullishBias Score: 0.9,-$1.9K,-$7.77K,-$61.9K,+$10.2M,1.html
58,0x007d76eec0ba411ce873a8819df50dd443d967a0,346d,$8.94M,$26.6M,2.97x,Very BearishBias Score: -2.97,+$976K,+$3.2M,+$3.16M,+$9.99M,1.html
59,0x06cecfbac34101ae41c88ebc2450f8602b3d164b,431d,$6.94M,$19M,2.73x,Very BearishBias Score: -2.73,+$673K,+$2.93M,+$4.31M,+$9.36M,1.html
60,0x9cbf099ff424979439dfba03f00b5961784c06ce,738d,$2.43M,$4.62M,1.9x,Slightly BullishBias Score: 0.05,+$35.1K,+$212K,+$194K,+$9.22M,1.html
61,0xefd3ab65915e35105caa462442c9ecc1346728df,227d,$1.5M,$0,0x,No Position¬†-Bias Score: 0,-$616,-$46.6K,-$12.7K,+$9.02M,1.html
63,0xffbd3e51ae0e2c4407434e157965c064f2a11628,115d,$25.6M,$105M,4.1x,Very BullishBias Score: 1.98,-$513K,-$3.87M,-$2.76M,+$8.59M,1.html
66,0x8def9f50456c6c4e37fa5d3d57f108ed23992dae,508d,$4.77M,$10.5M,2.2x,Very BullishBias Score: 2.2,+$116K,-$55.6K,+$4.4M,+$8.37M,1.html
68,0x41206f8efb51e5039e5b46e04e7866a4849f72d2,346d,$1.69M,$13.2M,7.77x,Very BearishBias Score: -7.77,+$266K,+$1.47M,+$2.37M,+$8.29M,1.html
69,0x178d296356af8622c4405d77feccb137ecf5db1c,213d,$4.97M,$21.2M,4.26x,Very BullishBias Score: 4.26,-$216K,-$1.49M,-$329K,+$8.28M,1.html
72,0x360537542135943e8fc1562199aea6d0017f104b,675d,$70.5K,$37.8K,0.54x,BearishBias Score: -0.54,+$669,+$4.06K,-$831,+$7.98M,1.html
73,0x84abc08c0ea62e687c370154de1f38ea462f4d37,115d,$1.29M,$2.6M,2.01x,Very BearishBias Score: -2.01,+$89.7K,+$379K,+$896K,+$7.81M,1.html
74,0xbf732ea04197942783e34730ed6e0f6099575d58,346d,$437K,$5.63M,12.89x,Very BullishBias Score: 12.89,+$25.4K,-$394K,+$290K,+$7.79M,1.html
75,0x7a6d5fc57f6906f337c48fe2763c3a501304f79c,333d,$3.95M,$28M,7.08x,Very BearishBias Score: -7.08,+$455K,+$2.49M,+$3.44M,+$7.78M,1.html
76,0x29eb62882a8bd104a64400a2971d0d6881777043,703d,$40.8K,$57.5K,1.41x,Very BearishBias Score: -1.17,+$501,+$1.32K,-$2.52K,+$7.7M,1.html
77,0x31dea2516beee92135b96f464eeec3cf292a13f2,535d,$13.5M,$5.8M,0.43x,BearishBias Score: -0.41,+$175K,+$190K,+$511K,+$7.68M,1.html
79,0x5c9b5f1f13aa845d46a16a4036f1ba7eff7de431,116d,$449K,$582K,1.3x,Very BullishBias Score: 1.3,-$10.1K,-$63.1K,-$103K,+$7.45M,1.html
81,0x99b1098d9d50aa076f78bd26ab22e6abd3710729,66d,$5.38M,$55.2M,10.25x,Very BearishBias Score: -10.25,+$951K,+$4.66M,+$6.04M,+$7.29M,1.html
82,0xfb8c34145bdea190693325d0ab01e81120909b3f,627d,$1.38M,$4.87M,3.52x,Very BearishBias Score: -3.52,+$34.7K,+$606K,+$969K,+$7.22M,1.html
83,0xd9a1ed9aac149bf9bd655f9b9ddecf9bd04316b3,466d,$3.27M,$7.91M,2.42x,Very BearishBias Score: -1.66,+$23.6K,+$431K,+$847K,+$7M,1.html
84,0x67fcc46ed2a63971697dad2fc7bb0091fe89e51d,311d,$5.58M,$3.91M,0.7x,BearishBias Score: -0.67,+$69.5K,+$574K,+$580K,+$6.97M,1.html
86,0x71dfc07de32c2ebf1c4801f4b1c9e40b76d4a23d,172d,$11.6M,$31.5M,2.7x,Very BearishBias Score: -2.7,+$488K,+$3.32M,+$4.44M,+$6.9M,1.html
90,0x0ddf9bae2af4b874b96d287a5ad42eb47138a902,38d,$35.5M,$77.6M,2.19x,Very BullishBias Score: 2.19,-$1.06M,+$7.23M,+$8.25M,+$6.6M,1.html
92,0x015354106478dda69c4aae3c0cf801290b738052,255d,$6.15M,$0,0x,No Position¬†-Bias Score: 0,$0,$0,+$960K,+$6.43M,1.html
93,0xef5fdcefdb38803a654ee9f3539bed8058443d99,578d,$3.77M,$3.66M,0.97x,BearishBias Score: -0.72,+$93.5K,+$246K,+$209K,+$6.29M,1.html
94,0xf28e1b06e00e8774c612e31ab3ac35d5a720085f,570d,$6.42M,$9.99M,1.56x,Very BearishBias Score: -1.56,+$164K,+$1.05M,+$1.74M,+$6.28M,1.html
95,0x469e9a7f624b04c24f0e64edf8d8a277e6bf58a5,347d,$8.25M,$568K,0.07x,Slightly BullishBias Score: 0.07,+$53.7K,+$1.4M,+$3.49M,+$6.25M,1.html
96,0xd6e1a6f7bb47aca69aaa511210227d40926ff256,647d,$720K,$1.68M,2.33x,BearishBias Score: -0.41,+$16.7K,+$61.1K,-$263K,+$6.21M,1.html
97,0x27c9fa86c91b84ddfa15de58c482ff662498d65d,549d,$1.9M,$13.7M,7.25x,Very BearishBias Score: -6.43,+$302K,+$1.64M,+$2.19M,+$6.19M,1.html
98,0xa4dedda59f2908b92ae192cfd494839373bcb3c4,647d,$17.5K,$236K,13.51x,Very BullishBias Score: 13.51,-$36.8K,-$131K,-$916K,+$6.13M,1.html
99,0xd6ef5649200101eb44ce8949f4cfb167b0c5a07a,507d,$3.35M,$6.5M,1.94x,Very BearishBias Score: -0.81,+$64.3K,+$890K,+$811K,+$6.06M,1.html
100,0xaea8e3bd369217cc6e3e6abddf0da318fba8e59b,528d,$2.32M,$4.13M,1.78x,Very BearishBias Score: -1.78,+$157K,+$550K,+$829K,+$5.98M,1.html
6,0xc7b72bb1acdce3eb45f9b38f43cd31e4927c725b,332d,$295K,$0,0x,No Position¬†-Bias Score: 0,$0,$0,-$217K,+$610K,10.html
9,0xdf6a4dba3ef113f030f95511e70721548dc7f3e2,311d,$271K,$1.14M,4.23x,Very BearishBias Score: -3.78,+$22.4K,-$11.1K,+$27.3K,+$607K,10.html
12,0x1abd35a5183aca3291f05353a6af3b4409603a8f,627d,$94.4K,$199K,2.11x,Very BearishBias Score: -1.52,+$5.86K,+$28.5K,-$21.6K,+$605K,10.html
15,0x6af6660ed5ecbfa39db3d6bf23e17bd426a183ce,241d,$826K,$457K,0.55x,BullishBias Score: 0.55,-$19.5K,-$18.9K,+$104K,+$599K,10.html
17,0xe24c322324e02cdd9989d3092be456e92cde53f2,571d,$2.36M,$7.55M,3.2x,Very BullishBias Score: 3.2,+$166K,+$634K,+$627K,+$598K,10.html
21,0xe24166173f1e956845a0660c8b26db334dced71a,221d,$207K,$37.8K,0.18x,Slightly BearishBias Score: -0.18,+$565,+$4.26K,+$60.1K,+$593K,10.html
23,0xb7e09a94603f4fd3b67537b4c43584fe1498ae05,31d,$2.77M,$0,0x,No Position¬†-Bias Score: 0,-$4.46K,-$4.42K,+$579K,+$591K,10.html
24,0xe7e4ca8b310c0d0ea900e15e4f43ffd9d25e3c77,129d,$2.61K,$0,0x,No Position¬†-Bias Score: 0,-$3.53K,-$97.4K,-$233K,+$588K,10.html
26,0x67cd5c1c4548c7ec1a20fadefca19ad42e6230da,458d,$611,$6.94K,11.35x,Very BearishBias Score: -11.35,-$103,-$1.24K,-$5.48K,+$586K,10.html
32,0xcd1c932a413868c3c84e73e195bf34c1ba4ffec5,122d,$596K,$2.31M,3.87x,Very BearishBias Score: -3.03,+$26.6K,+$229K,+$344K,+$581K,10.html
35,0x42885bfee595c7bf079609433fa3f2bc24e72096,536d,$14.5K,$7.07K,0.49x,BullishBias Score: 0.49,-$356,-$1.18K,-$19.8K,+$579K,10.html
38,0xccb56f9cba0138bb9cb8f6a6ad290a6ea9879b46,283d,$1.31M,$4.54M,3.47x,Very BullishBias Score: 3.47,-$428K,+$829K,+$829K,+$576K,10.html
39,0xf53cab0c6f25f48f985d1e2c40e03fc7c1963364,696d,$847K,$1.32M,1.56x,BullishBias Score: 0.57,+$2.47K,-$33.6K,-$60.8K,+$576K,10.html
42,0x36ac01de9bc76c0d744b38c3e13a0538d55c7568,122d,$155K,$0,0x,No Position¬†-Bias Score: 0,$0,+$36K,-$23.7K,+$574K,10.html
43,0x10da391e349b02b380359cb402dc908dfe660221,339d,$85.9K,$64.2K,0.75x,BullishBias Score: 0.75,+$508,+$955,+$3.51K,+$573K,10.html
47,0xc8d4073a8bc55dd6871c9e4de45764429dc39a43,290d,$1.02M,$194K,0.19x,Slightly BearishBias Score: -0.19,+$5.13K,+$39.7K,+$60.2K,+$569K,10.html
48,0x95995f302ad58138d791ce49f9f3b1274e80c60a,94d,$3.58M,$10.1M,2.82x,Very BearishBias Score: -2.82,+$254K,+$444K,+$370K,+$568K,10.html
49,0x9391199d0dd197bd019d40ef624d26aca59440f3,122d,$1.17M,$387K,0.33x,Slightly BearishBias Score: -0.33,+$10.7K,+$50.8K,+$116K,+$568K,10.html
50,0xbf4ef7c97309cd4b7ef113358dbaabb3f36a13f5,340d,$0.01,$0,0x,No Position¬†-Bias Score: 0,$0,$0,-$5.08K,+$567K,10.html
51,0x8b501a6090fd3c6b905b1a0099e2e216a5a2d40d,752d,$836K,$716K,0.86x,Very BullishBias Score: 0.86,-$33K,-$51.4K,+$292K,+$567K,10.html
52,0xd7b8209d95d4c05faaa505671211058d51529f55,634d,$1.39M,$736K,0.53x,BullishBias Score: 0.53,-$148K,-$456K,-$276K,+$567K,10.html
56,0x3895d155b005191686476a39580d43258a518e46,332d,$512K,$0,0x,No Position¬†-Bias Score: 0,+$1.31K,+$17.7K,+$53.4K,+$562K,10.html
57,0x413c2724b62975c18b1415650f998a8f0a67886c,381d,$2.89M,$331K,0.11x,Slightly BullishBias Score: 0.11,-$8.78K,+$908K,+$1.34M,+$561K,10.html
64,0xcf0a7df50ab429182fdfa93292d150c35d7808c9,599d,$64K,$14.7K,0.23x,Slightly BearishBias Score: -0.23,+$273,+$1.97K,+$1.9K,+$556K,10.html
67,0xda0950da3882ef1ae1e41e99ebe31e6b3324c17f,171d,$850K,$1.74M,2.05x,Very BullishBias Score: 2.05,-$28.9K,-$9.12K,+$532K,+$555K,10.html
70,0xd7846935d7e5a49e20b9887e6465cb765f4c2937,325d,$199K,$537K,2.69x,Very BullishBias Score: 2.69,-$4.21K,-$56.7K,+$16.1K,+$555K,10.html
71,0x279dbeaae93533a5c4607712b027b04aff62d625,522d,$846K,$538K,0.64x,Indecisive¬†-Bias Score: 0,+$4.84K,+$83.3K,+$232K,+$554K,10.html
75,0xbc6d435e62e54273bf756fe6262dd66dbd6b0c02,248d,$25K,$41.4K,1.66x,Very BearishBias Score: -1.66,+$1.56K,+$3.01K,+$5.56K,+$547K,10.html
79,0x54f9524155c82f1f3f2c5e086ba513df442a18ef,717d,$268K,$1.05M,3.9x,Very BullishBias Score: 1.71,-$4.52K,-$47.3K,-$91.1K,+$540K,10.html
82,0x2df22837da3f4fb34efb8c385af2d20501682431,599d,$20.9K,$8.48K,0.41x,BearishBias Score: -0.41,+$523,+$2.3K,+$2.35K,+$538K,10.html
84,0xdf52df044f1b150dfa79590909cdac6ad83d59fc,339d,$14.3K,$37.6K,2.62x,Very BearishBias Score: -2.62,-$391,+$1.39K,-$2.83K,+$537K,10.html
85,0x8b67b0a78e557201fa0f9db2bc9dba5d55aaf692,172d,$102K,$3.87K,0.04x,Indecisive¬†-Bias Score: -0.04,+$67.2,+$13.1K,+$22.7K,+$536K,10.html
86,0x9690bcfc1639abff887c8fb62b48ab787b2dba3f,94d,$563K,$820K,1.46x,Very BearishBias Score: -1.04,+$14K,+$165K,+$116K,+$535K,10.html
88,0x28473085ba4aa761eb541914f50a75dd685cd47b,332d,$1.3M,$209K,0.16x,Slightly BullishBias Score: 0.16,-$2.49K,-$78.9K,-$158K,+$533K,10.html
92,0x72988778525f0ce15c5ac1804ac460606a987d6c,123d,$1.82M,$2M,1.1x,Very BearishBias Score: -1.1,+$54.5K,+$286K,+$473K,+$528K,10.html
93,0x12733a96b4f830c9b7b57566da2e3750d20d23ee,311d,$403K,$1.13M,2.81x,BullishBias Score: 0.37,-$66.2,+$1.19K,+$158K,+$527K,10.html
94,0x6beffb9bec3364ae579fa7cb864effefa7bf2695,214d,$1.7M,$3.75M,2.21x,BullishBias Score: 0.38,+$5.31K,-$517K,-$371K,+$527K,10.html
96,0xc0b2a1ce425d0cd8bc321c445fa6ae0eaed2e688,522d,$20.1K,$0,0x,No Position¬†-Bias Score: 0,$0,-$17.1,+$120,+$525K,10.html
97,0xead5b7d86c681c036c59cd00a0390541061c69f2,899d,$1.01M,$4.47M,4.44x,Very BullishBias Score: 4.09,-$48.6K,-$161K,+$145K,+$525K,10.html
98,0xe71e9636e31b838af0a3c38b3f3449cdc2b7aa87,899d,$193K,$33.2K,0.17x,Slightly BearishBias Score: -0.17,+$105,+$9.32K,+$24.1K,+$525K,10.html
99,0xb552648f037b4c60ba9c237bb503735aed0db94e,451d,$222K,$27.9,0x,Indecisive¬†-Bias Score: 0,-$130,+$293,+$2.94K,+$521K,10.html
1,0x4aab8988462923ca3cbaa7e94df0cc523817cd64,192d,$9.43M,$6.99M,0.74x,BullishBias Score: 0.74,-$76.5K,-$673K,+$1.63M,+$5.95M,2.html
4,0x218a65e21eddeece7a9df38c6bbdd89f692b7da2,19d,$3.69M,$19.4M,5.27x,Very BearishBias Score: -5.27,+$651K,+$1.18M,+$5.65M,+$5.65M,2.html
5,0xe0665019fcf5ffa4a5aea5cf65f84016fcbe78da,661d,$4.44M,$1.21M,0.27x,Slightly BullishBias Score: 0.27,-$34.8K,-$13.1K,-$125K,+$5.46M,2.html
6,0x3fc56e944aa7b1594c85861b2d46a07f82a2c0c1,298d,$4.65M,$18.6M,4x,Very BearishBias Score: -4,+$498K,+$1.97M,+$3.28M,+$5.38M,2.html
7,0x2025137a136bea7446deba681cbfc7cf1970840e,318d,$5.49M,$7.68M,1.4x,BearishBias Score: -0.74,-$10.3K,+$535K,+$522K,+$5.36M,2.html
10,0x0748e296e5a350ec36c8487a1cea406e1b57d4b2,528d,$2.88M,$6.61M,2.3x,Very BullishBias Score: 1.63,-$65.4K,-$150K,+$997K,+$5.3M,2.html
13,0x203f4c410f3c35cead9f35b6de2f66e773d7f26e,129d,$1.03M,$603K,0.58x,BearishBias Score: -0.58,+$18.6K,+$85.1K,+$177K,+$5.26M,2.html
16,0xbe19541903f64af97bcf8436f4d15bf3a56b8bd1,108d,$11.4M,$5.45M,0.48x,BearishBias Score: -0.48,+$128K,+$321K,+$1.61M,+$5.17M,2.html
18,0x621c5551678189b9a6c94d929924c225ff1d63ab,648d,$3.46M,$10.1M,2.92x,Very BearishBias Score: -2.91,+$309K,+$584K,+$424K,+$5.09M,2.html
20,0x477296b8f5f5525be26e5c0a82eb0dd24da3949f,186d,$2.09M,$1.16M,0.56x,BearishBias Score: -0.56,+$43.9K,+$482K,+$282K,+$4.9M,2.html
21,0x2d99fe0f36c1aebd28a1a2c0e82e8ca13c2ea351,52d,$9.21M,$17M,1.85x,Very BullishBias Score: 1.85,-$93.9K,+$523K,+$2.5M,+$4.9M,2.html
23,0xf83ff544ed6f00fe7a74782aee3fd9ea54d96728,276d,$8.05M,$2.27,0x,Indecisive¬†-Bias Score: 0,-$0.15,-$0.49,+$41.7K,+$4.86M,2.html
25,0xc926ddba8b7617dbc65712f20cf8e1b58b8598d3,402d,$1.51M,$6.95M,4.59x,Very BearishBias Score: -4.08,+$69.1K,-$343K,+$1.56M,+$4.72M,2.html
26,0x152e41f0b83e6cad4b5dc730c1d6279b7d67c9dc,30d,$14.9M,$36.6M,2.46x,Very BearishBias Score: -2.46,+$254K,+$5.48M,+$6.47M,+$4.71M,2.html
29,0xe2f86feccb1207710a442bc4e27a0701a290275a,346d,$41.3K,$2.9K,0.07x,Slightly BullishBias Score: 0.07,+$3.25,-$34.2K,+$192K,+$4.68M,2.html
30,0x987163b6b482c30c2f5f3aa2760109668eb0091d,655d,$544K,$552K,1.02x,Very BullishBias Score: 1.02,-$8.76K,-$41.3K,-$63.9K,+$4.66M,2.html
31,0x369daedbefcb30b82154338c8fd613a70c60d251,501d,$1.25M,$794K,0.64x,BearishBias Score: -0.64,-$65.7K,-$258K,+$83.6K,+$4.63M,2.html
32,0xd487e26c62ed8c28ce3cc70b5791e501c2934982,493d,$2.4M,$302K,0.13x,Slightly BearishBias Score: -0.13,+$4.76K,+$34.3K,-$47.9K,+$4.59M,2.html
33,0x258a4b8a8447c61aabf1bef9bb14ee4d69efff03,102d,$7.07M,$8.94M,1.26x,Very BearishBias Score: -1.26,+$365K,+$1.06M,+$1.21M,+$4.57M,2.html
36,0x7dacca323e44f168494c779bb5e7483c468ef410,584d,$14.9M,$0,0x,No Position¬†-Bias Score: 0,$0,$0,-$950K,+$4.52M,2.html
37,0x8a265d24c0c4e611119ba4c8fcab93fd987d343a,613d,$347K,$251K,0.72x,BearishBias Score: -0.72,+$4.11K,+$27.9K,+$14.8K,+$4.49M,2.html
38,0x56c58ed0c0b9b164653d7aa44fd40632393f8e38,626d,$570K,$5.65M,9.91x,Very BearishBias Score: -9.91,+$127K,+$66.2K,+$214K,+$4.46M,2.html
40,0xfce053a5e461683454bf37ad66d20344c0e3f4c0,332d,$1.09M,$4.75M,4.37x,Very BearishBias Score: -4.37,+$125K,+$576K,+$794K,+$4.39M,2.html
41,0xa461db6d21568e97e040c4ab57ff38708a4f0f67,66d,$1.13M,$3.07M,2.71x,Very BearishBias Score: -2.71,+$105K,+$102K,+$1.25M,+$4.36M,2.html
42,0xb0fbfefc6c325964d0ffc3f909bdda80b8421326,325d,$730K,$2.02M,2.77x,Very BearishBias Score: -2.77,+$37.9K,+$221K,+$58.2K,+$4.3M,2.html
44,0x795cfd1b03eafc11c4ec958b8a94cfc9aa64a242,340d,$5.17M,$24.5M,4.74x,Very BullishBias Score: 2.43,-$24.7K,+$150K,+$560K,+$4.28M,2.html
45,0x47f5a6397b79deaaca5c456503e7c1a49357b942,207d,$897K,$4.52M,5.03x,Very BearishBias Score: -4.41,+$144K,+$578K,+$798K,+$4.14M,2.html
46,0xac7bbfed474127e8683320421264d403fd2155f9,157d,$3.88M,$3.77M,0.97x,Very BearishBias Score: -0.97,+$107K,+$710K,+$756K,+$4.13M,2.html
50,0x30bdf164cdb6f4bc373a232942896d5bb49fb5a4,220d,$2.23M,$0,0x,No Position¬†-Bias Score: 0,$0,$0,+$64.2K,+$4.06M,2.html
51,HIP-2,577d,$0.1,$0,0x,No Position¬†-Bias Score: 0,$0,+$612,+$49.4K,+$4.06M,2.html
52,0x1e771e1b95c86491299d6e2a5c3b3842d03b552e,298d,$3.54M,$2.63M,0.74x,Slightly BearishBias Score: -0.32,+$27.2K,+$93.4K,+$68.8K,+$4.02M,2.html
53,0x34365f472a3af2ff8167970a519931437e2c2094,165d,$611K,$24.7M,40.45x,Very BullishBias Score: 40.45,-$608K,-$236K,+$3.03M,+$4.02M,2.html
54,0x549e6dd8453ed87fccdcf4f8b37162b10edc0533,696d,$11.6M,$23.9M,2.06x,Very BullishBias Score: 2.06,+$917K,+$2.18M,+$11.8M,+$4.01M,2.html
55,0xbb97757984fa4408c13bd3b4a9189f520bf317d3,682d,$509K,$794K,1.56x,Very BearishBias Score: -1.56,-$29.1K,+$112K,+$228K,+$3.98M,2.html
56,0xf62edeee17968d4c55d1c74936d2110333342f30,535d,$1.4M,$8.24M,5.9x,Very BearishBias Score: -5.88,+$196K,+$1.02M,+$1.51M,+$3.97M,2.html
57,0x34fb5ec7d4e939161946340ea2a1f29254b893de,640d,$3.69M,$8.74M,2.37x,Very BearishBias Score: -2.36,+$324K,+$487K,+$509K,+$3.92M,2.html
59,0xd0254dd9c10498b256b6ec3bd8de37a9ba4329de,234d,$3M,$18.1M,6.02x,Slightly BearishBias Score: -0.3,-$297K,-$675K,-$1.39M,+$3.87M,2.html
60,0xfeec88b13fc0be31695069f02bac18538a154e9c,81d,$2.15M,$20.3M,9.44x,Very BearishBias Score: -9.44,+$392K,+$2.22M,+$3.43M,+$3.85M,2.html
62,0x1f793d9f0368c1da329cb112212d81d521e7a9b8,339d,$1.26K,$1.22K,0.97x,Very BearishBias Score: -0.97,+$43.2,+$239,-$653K,+$3.76M,2.html
64,0x4a96036fb1529561fa3eeeb2781fad2d4f25500e,634d,$2.46M,$14.8M,6x,Very BearishBias Score: -5.96,-$22.1K,+$189K,+$1.06M,+$3.69M,2.html
65,0x9b83f16d0a6456f90a8a330f04c0ca1b2f0425b0,59d,$3.81M,$23.3M,6.12x,Very BullishBias Score: 6.12,+$364K,+$776K,+$1.89M,+$3.66M,2.html
66,0x6bea81d7a0c5939a5ce5552e125ab57216cc597f,87d,$2.76M,$10.5M,3.8x,Very BearishBias Score: -3.8,+$303K,+$1.79M,+$2.72M,+$3.65M,2.html
67,0xdbd1bac81ad581c7198c9d155ca468f32a0c29dd,648d,$2.13M,$4.86M,2.28x,BearishBias Score: -0.65,+$62.3K,+$295K,+$413K,+$3.62M,2.html
71,0xaded86bf6e6fd72f78dca132af112fa36230809e,88d,$2.04M,$10.2M,4.99x,Very BearishBias Score: -4.99,+$26.8K,+$1.89M,+$2.22M,+$3.53M,2.html
74,0x404ca2035b37bf2e83505134ebcf8d03babb5f03,367d,$1.39M,$6.11M,4.38x,Very BearishBias Score: -4.24,+$190K,+$772K,+$1.13M,+$3.45M,2.html
75,0x5bc43f38c2ddcd85857f218674cd384f172c3b0c,284d,$5.36M,$10.2M,1.9x,Very BearishBias Score: -1.04,+$17K,+$406K,+$765K,+$3.44M,2.html
77,0x79cc76364b5fb263a25bd52930e3d9788fcfeea8,332d,$3.08M,$3.5M,1.13x,Very BullishBias Score: 1.13,-$26.7K,-$256K,+$70.7K,+$3.39M,2.html
82,0x56cd86d6ef24a3f51ce6992b7f1db751b0a0276a,346d,$7.67M,$11M,1.44x,Very BearishBias Score: -1.26,+$267K,+$1.62M,+$2.69M,+$3.35M,2.html
83,0x08c14b32c8a48894e4b933090ebcc9ce33b21135,171d,$737K,$2.11M,2.87x,Very BearishBias Score: -2.87,+$98.6K,-$180K,+$167K,+$3.35M,2.html
85,0xaf0fdd39e5d92499b0ed9f68693da99c0ec1e92e,724d,$6.39M,$4.82M,0.75x,BullishBias Score: 0.62,-$87.2K,-$382K,+$1.22M,+$3.3M,2.html
87,0x570b09e27a87f9acbce49f85056745d29b3ee3c6,32d,$2.11M,$5.51M,2.61x,Very BearishBias Score: -2.61,+$187K,+$1.41M,+$2.47M,+$3.26M,2.html
88,0xaecfe4eff84a1cd9a24accc1914ac537af7f6e1b,641d,$30K,$0,0x,No Position¬†-Bias Score: 0,$0,$0,-$63.4K,+$3.25M,2.html
90,0x6f142cc70bd7829d9b41350b5dd13ba20388a473,332d,$2.09M,$845K,0.4x,Slightly BullishBias Score: 0.28,-$40.5K,+$653K,+$836K,+$3.2M,2.html
92,0x8cfe4bc352deb10ed41c5f0f89bc57674cee1e22,136d,$1.03M,$9.85M,9.55x,Very BearishBias Score: -9.55,+$139K,+$865K,+$1.5M,+$3.19M,2.html
93,0x6b78be2ba4d55d5ee434c7d47fb3bbaffafc5e9c,228d,$3.36M,$5.18M,1.54x,Very BullishBias Score: 1.54,-$49.3K,-$572K,+$636K,+$3.19M,2.html
94,0x6df99d59cdada18ade521e05edd5e6a2ec91b734,88d,$5.02M,$15.6M,3.11x,Very BearishBias Score: -3.11,+$226K,+$1.71M,+$2.19M,+$3.1M,2.html
96,0x7cc0b0049faddc405da8494ac67737975c757480,60d,$2.33M,$5.13M,2.2x,Very BearishBias Score: -1.97,-$390K,-$49.8K,-$223K,+$3.08M,2.html
99,0x05b5a0ae689c17cad8155932782a5c29426abe75,214d,$276K,$247K,0.9x,Very BullishBias Score: 0.9,-$25.2K,-$84.9K,-$75.9K,+$3.03M,2.html
100,0x29824b424ec65bbdbe2b550c5b734204ee295308,284d,$3.63M,$7.2M,1.99x,Very BullishBias Score: 1.99,+$2.05K,+$965K,+$1.73M,+$3M,2.html
1,0x5647249079e257329ecb6f46ed41821d3c69e7de,402d,$16.3K,$8.76K,0.54x,BearishBias Score: -0.54,+$289,+$1.33K,+$2.34K,+$3M,3.html
3,0x5c9c9ab381c841530464ef9ee402568f84c3b676,647d,$147K,$282K,1.91x,Very BullishBias Score: 1.77,+$2.35K,+$7.55K,-$1.84K,+$2.93M,3.html
5,0xcac1f1c3e4599e044dc2a9d38a9b6ef1af1bdae8,689d,$905K,$6.85M,7.56x,Very BearishBias Score: -7.56,+$125K,+$781K,+$1.22M,+$2.9M,3.html
7,0xddce6ae3db95eb2a0259aeeab3f6932902354830,192d,$568K,$636K,1.12x,Very BearishBias Score: -1.12,+$55.7K,+$352K,+$916K,+$2.86M,3.html
8,0x8bae3527e5a33fa0cf184f37bc112d071463ab6d,122d,$3.35M,$232K,0.07x,Slightly BullishBias Score: 0.07,-$11.9K,+$407K,+$1.78M,+$2.85M,3.html
9,0x7625dc67deab1864570ad816f59a9b867f280e49,332d,$1.29M,$1.45M,1.13x,Very BearishBias Score: -1.13,+$23.8K,+$174K,+$424K,+$2.8M,3.html
10,0xd7a678fcf72c1b602850ef2f3e2d668ec41fa0ed,346d,$1.86M,$5.61M,3.01x,Very BearishBias Score: -3.01,+$213K,+$963K,+$1.9M,+$2.76M,3.html
11,0x6ef9aa1ccef50f19a6c82d927401d98030973abf,7d,$8.88M,$8.92M,1x,Very BullishBias Score: 1,+$261K,+$661K,+$2.76M,+$2.76M,3.html
13,0x519c721de735f7c9e6146d167852e60d60496a47,21d,$3.94M,$5.92M,1.5x,Very BullishBias Score: 1.5,+$303K,+$1.04M,+$2.73M,+$2.73M,3.html
14,0x05904930cae1e9a48c055f4a8a83480ba7fc6abf,178d,$2.78M,$2.93M,1.05x,Very BearishBias Score: -1.05,+$82.5K,+$36.8K,-$559K,+$2.7M,3.html
16,0x833b99b27dac651d02080f5e220e929df891db06,171d,$513K,$4.57M,8.9x,Very BearishBias Score: -8.9,+$142K,+$951K,+$1.02M,+$2.67M,3.html
22,0x8bf3ac5c417624b3bde7901de3c4ad7659599060,773d,$65K,$0,0x,No Position¬†-Bias Score: 0,-$0.05,-$0.23,-$0.27,+$2.54M,3.html
23,0xde0695cdc60ac0dedb8739951eff70006cafab15,647d,$77.3K,$0,0x,No Position¬†-Bias Score: 0,+$8.21,+$226,+$874,+$2.53M,3.html
27,0x514ad80730593801036e2934bcda9b4e90221b4d,122d,$6.47M,$4.75M,0.73x,BearishBias Score: -0.73,+$258K,+$788K,+$1.04M,+$2.49M,3.html
28,0x53babe76166eae33c861aeddf9ce89af20311cd0,332d,$2.97M,$5M,1.69x,Very BullishBias Score: 1.69,-$144K,-$2.02M,-$3.12M,+$2.48M,3.html
29,0x0a06ec6754b628be489b2c40bba20c8580392a7b,150d,$2.09M,$631K,0.3x,Indecisive¬†-Bias Score: 0.02,+$20.9K,+$108K,+$594K,+$2.48M,3.html
32,0x1c2c96e78a42958892e637bdc0d94ce259f109fe,367d,$468K,$1.58M,3.38x,BearishBias Score: -0.57,-$981,+$43.2K,+$56.5K,+$2.46M,3.html
37,0xf58b673c1633ccef0ac58263cdc95ed80f817fc7,333d,$1.65M,$10.6M,6.46x,Very BearishBias Score: -6.46,+$205K,+$1.25M,+$2.16M,+$2.43M,3.html
40,0x8eadef1db48d9a682da64d74a69c5ac78d0ee175,60d,$616K,$1.89M,3.07x,Very BearishBias Score: -3.07,+$18.5K,+$164K,+$173K,+$2.39M,3.html
42,0xdd0c5de50d72e5eaa96816e920e41ce89c4b8888,612d,$572K,$2.74M,4.78x,Very BullishBias Score: 4.78,+$5.24K,+$60.1K,+$307K,+$2.37M,3.html
43,0xb632c6580173a16154f17cdafc6eb27e95cf73b7,19d,$2.86M,$1.35M,0.47x,BearishBias Score: -0.47,+$18.7K,-$258K,+$2.37M,+$2.37M,3.html
44,0x1a5612386dce50174bd467498afa607df418d7c6,325d,$2.23M,$2.56M,1.15x,BearishBias Score: -0.6,+$10.6K,+$80K,-$9.81K,+$2.35M,3.html
45,0xbaaaf6571ab7d571043ff1e313a9609a10637864,318d,$1.66M,$2.68M,1.62x,Very BullishBias Score: 1.62,-$35.5K,+$34.9K,+$484K,+$2.35M,3.html
46,0x7f55a0b28ba031dc08c1fdf7336a74e399b840d1,136d,$55.1K,$0,0x,No Position¬†-Bias Score: 0,-$4.53K,-$368K,-$2.76M,+$2.33M,3.html
48,0xbbc0a674eeee74717d7a3deed9d43d55087bc032,8d,$4.49M,$6.5M,1.45x,Very BullishBias Score: 1.45,+$702K,+$2.22M,+$2.33M,+$2.33M,3.html
50,0xff4cd3826ecee12acd4329aada4a2d3419fc463c,655d,$89.9K,$4.12K,0.05x,Slightly BullishBias Score: 0.05,+$163,+$2.23K,+$977,+$2.3M,3.html
51,0xe02e420ec55b4e03924d77c7b342c012541ba2d3,416d,$5.45M,$1.48M,0.27x,Slightly BullishBias Score: 0.27,-$42.7K,-$40.3K,+$54.6K,+$2.3M,3.html
53,0xf220c9b7b4c0e5e785ebe4b40b17576ce24473e0,297d,$43.8K,$938K,21.39x,Very BullishBias Score: 21.39,-$14.5K,-$35.6K,-$237K,+$2.28M,3.html
55,0xe867fbdad3291530e41530301ecb77693850c78e,641d,$1.86M,$938K,0.51x,BullishBias Score: 0.51,+$12.1K,+$26.3K,+$59.2K,+$2.25M,3.html
56,0x3ca146d2692f61746a28fa926dc9d18086ce37c6,598d,$797K,$1.69M,2.12x,Very BearishBias Score: -1.29,+$42.7K,+$174K,+$67.3K,+$2.25M,3.html
57,0xa581bb0ac1a7ec393e76ccd45de2bfff6146e213,556d,$530K,$715K,1.35x,Very BearishBias Score: -1.35,+$22.2K,+$179K,+$224K,+$2.24M,3.html
59,0x72cb918356c4f6d3f1b2e532928110ba6995f139,151d,$1.74M,$394K,0.23x,Slightly BullishBias Score: 0.12,-$5.3K,-$51.6K,+$115K,+$2.23M,3.html
60,0x50664ede715e131f584d3e7eaabd7818bb20a068,451d,$5.82M,$2.14M,0.37x,BullishBias Score: 0.37,-$444K,-$2.23M,+$3.5M,+$2.22M,3.html
63,0xa31441e058492bc7cfffda9aa7623c407ae83a81,172d,$1.89M,$4.12M,2.18x,Very BearishBias Score: -2.18,+$79K,+$447K,+$407K,+$2.2M,3.html
64,0xd02928c445d780ea954fe0b6f0be0f6cb9727678,171d,$3.59M,$2.83M,0.79x,BullishBias Score: 0.63,+$39.2K,-$7.35K,+$1.32M,+$2.2M,3.html
66,0x28233e5edddfc9f71f0cecf58ca98f6a2ca11f43,333d,$3.06M,$6.75M,2.21x,Very BearishBias Score: -1.74,+$80K,+$449K,+$389K,+$2.17M,3.html
68,0x09bc1cf4d9f0b59e1425a8fde4d4b1f7d3c9410d,151d,$7.69M,$15.5M,2.02x,Very BearishBias Score: -2.02,+$346K,+$922K,+$1.13M,+$2.16M,3.html
70,0x7a7da855c61ba2326decf722691c6e2d14a50344,94d,$1.23M,$3.6M,2.92x,Very BearishBias Score: -2.92,+$90.2K,+$786K,+$1M,+$2.13M,3.html
71,0x4eebd8d39e82efb958e0fa9f694435c910c8518f,31d,$3.43M,$15M,4.38x,Very BearishBias Score: -4.38,+$265K,+$1.7M,+$2.11M,+$2.11M,3.html
74,0xc1471df385b1b039aae2000678e0b8bd905b3aef,171d,$2.46M,$10.1M,4.11x,Very BearishBias Score: -4.1,+$217K,+$1.36M,+$2.39M,+$2.09M,3.html
76,0xec326a384ae965647d87e1f85db46d2efa15ae82,164d,$3.66M,$5.31M,1.45x,Very BearishBias Score: -1.45,-$398K,+$204K,+$2.87M,+$2.09M,3.html
78,0xfd97600ac44b3c4e20ac1a5f23e3b18d10fa5912,298d,$1.77M,$1.03M,0.58x,BullishBias Score: 0.58,-$10.1K,+$7.79K,+$782K,+$2.07M,3.html
80,0xa99767ff6874018935af8924eeb3de3c7b578edc,500d,$1M,$3.39M,3.38x,Very BearishBias Score: -3.38,+$87.6K,+$641K,+$232K,+$2.05M,3.html
81,0xc7f94fb3b3ba614b9b2bf80697ab5a31917005a2,130d,$3.01M,$4.14M,1.38x,Very BearishBias Score: -0.75,+$16.3K,+$448K,-$17K,+$2.05M,3.html
82,0x2fcb6898d5a0623de19c3691904927685014c4d8,241d,$2.26M,$1.76M,0.78x,Slightly BearishBias Score: -0.08,-$22.5K,-$102K,-$23.5K,+$2.05M,3.html
83,0x543356c584e7931233afe07ecd982cda5f0f3f3b,648d,$95.4K,$129K,1.36x,Slightly BullishBias Score: 0.11,+$6.73K,+$38.8K,-$3.76K,+$2.05M,3.html
84,0x261142dd1d82cf24228bd35b1fc65bd805af842d,109d,$239K,$0,0x,No Position¬†-Bias Score: 0,$0,$0,-$360K,+$2.04M,3.html
86,0x4b1c09fa8322548360a76a3747e32a60a864bc38,452d,$4.73M,$13.9M,2.94x,Very BearishBias Score: -2.32,+$282K,+$1.2M,+$1.53M,+$2.01M,3.html
87,0xa6cb81271418b9f41295fff54be05f6250c7cbf6,95d,$1.33M,$544K,0.41x,BearishBias Score: -0.41,+$43.6K,+$129K,+$237K,+$1.97M,3.html
88,0xae7a0f9f663bb54bfe95378c7e3de7dd6e28d6bc,325d,$1.91M,$10.5M,5.49x,Very BearishBias Score: -4.76,+$196K,+$705K,+$1.6M,+$1.97M,3.html
89,0x05a196a9477e70c184ed212d6cf02073f535c3bb,87d,$1.06M,$0,0x,No Position¬†-Bias Score: 0,$0,$0,+$276K,+$1.96M,3.html
90,0x493e3b994aabdd5be4fbd19b4fab7b4a0fedc90b,101d,$701K,$12.2M,17.43x,Very BullishBias Score: 17.43,-$300K,-$322K,-$77.6K,+$1.95M,3.html
97,0xd63c228ea09e4d999f5fb3ed7d3529756e3a724f,234d,$922K,$2.01M,2.18x,Slightly BullishBias Score: 0.29,-$26.3K,-$189K,-$592K,+$1.89M,3.html
98,0xe7e25d4f0f0076b08459e343529c446fef04f958,368d,$4M,$662K,0.17x,Slightly BearishBias Score: -0.17,+$27.6K,+$86K,+$71.6K,+$1.88M,3.html
99,0x14b25601e369b40f5bcd1de0f9a53174e3c59d34,668d,$35.2K,$307K,8.72x,Very BullishBias Score: 8.72,-$11.1K,-$42.1K,-$61.5K,+$1.85M,3.html
5,0x422f1f07f40f11bac71db4f520dd0ea1ff20f2c4,675d,$402K,$799K,1.99x,Very BearishBias Score: -1.99,+$42.5K,+$155K,+$373K,+$1.84M,4.html
6,üê∂ sqalef,297d,$3.6M,$0,0x,No Position¬†-Bias Score: 0,$0,-$396K,+$957K,+$1.83M,4.html
7,0x8554501f855388039f2bc86110462adfbbde46dc,298d,$237K,$1.92M,8.11x,Very BullishBias Score: 8.11,-$77.8K,-$479K,-$908K,+$1.83M,4.html
9,0xd96ea3bcce83d4e1ef8abd1776eecd0cea1bb09e,668d,$498K,$3.04M,6.11x,Very BearishBias Score: -6.11,+$45.2K,+$346K,+$446K,+$1.82M,4.html
11,0x5e13d5cedbddd7237f659947ce64bec1294e2607,480d,$3.87M,$0,0x,No Position¬†-Bias Score: 0,$0,$0,+$21.4K,+$1.81M,4.html
12,0x32a501193fe8789b2093e03e698e5ca979c9cd92,647d,$220K,$69K,0.31x,Slightly BearishBias Score: -0.31,+$3.52K,+$15.5K,+$12.7K,+$1.81M,4.html
14,0xccf135ab352d561a15eb7be2a243cc4fcb7f0ab1,731d,$222K,$745K,3.36x,Very BearishBias Score: -3.36,+$7.44K,+$90.5K,+$107K,+$1.79M,4.html
15,0x1e5c9ef6a07f8ee36e21c0c2737c9b19f5de7f2a,465d,$153K,$1.96M,12.8x,Very BullishBias Score: 12.8,-$37.1K,-$139K,-$279K,+$1.77M,4.html
22,0x399d7adeecc4f5e83891d3ca03d588155765459d,501d,$145K,$71.1K,0.49x,BearishBias Score: -0.49,+$2.25K,+$8.34K,+$12.1K,+$1.74M,4.html
23,0x99ab3fdbeecbfc8a36101f9f80c763c8434ecea8,123d,$117K,$1.06M,9.04x,Very BullishBias Score: 9.04,-$33.7K,-$53.1K,+$1.21M,+$1.73M,4.html
27,0x185611e0343c14f53a4406891cb0fdc9e81808ae,185d,$1.58M,$2.46M,1.56x,BearishBias Score: -0.59,+$151K,+$487K,+$538K,+$1.7M,4.html
28,0x7ca165f354e3260e2f8d5a7508cc9dd2fa009235,150d,$5.08M,$10.8M,2.12x,Very BearishBias Score: -2.12,+$182K,+$502K,+$704K,+$1.7M,4.html
29,0x7583b5364597736a6a72c4ba61ede0a4a37ef4de,353d,$1.68M,$3.29M,1.96x,Very BullishBias Score: 1.96,-$99.2K,-$128K,+$127K,+$1.69M,4.html
34,0x43b29051e7b4ce9fcbc893aa6bd07c32df7399f9,613d,$379K,$421K,1.11x,BearishBias Score: -0.62,-$6.9K,-$104K,-$110K,+$1.68M,4.html
35,0x4a19c9768629266caad38bd6857c6a4161532c19,332d,$1.14M,$1.41M,1.24x,BearishBias Score: -0.39,+$14.1K,+$43.2K,+$30.3K,+$1.67M,4.html
36,0xac7476e14f768e3e67c195e79c2490dd20c70127,192d,$4.51M,$3.82M,0.85x,Slightly BullishBias Score: 0.23,-$19.1K,-$233K,+$76.4K,+$1.67M,4.html
37,0x6f7d75c18e8ca7f486eb4d2690abf7b329087062,53d,$783K,$4.46M,5.69x,Very BearishBias Score: -5.69,+$130K,+$661K,+$1.45M,+$1.66M,4.html
41,0x3e5dacb70247b57aca1d62b927c398ff05b7e570,626d,$1.1M,$1.76M,1.6x,Very BearishBias Score: -1.6,+$62.2K,+$268K,+$374K,+$1.65M,4.html
44,0x63d417a577b50c96f4f09148d4e4d70950db0522,815d,$1.58M,$2.25M,1.43x,Slightly BullishBias Score: 0.31,-$47.5K,+$48K,-$71.7K,+$1.63M,4.html
46,0xc6d7fdfbcb55d6cad6570c5838de394d2aa24015,269d,$126K,$1.12M,8.9x,Very BearishBias Score: -8.9,+$12.3K,+$50.2K,+$512K,+$1.62M,4.html
50,0x011af0d7a38f1b1b43cffd7a51e1aa38d1c61ece,179d,$915K,$5.63M,6.15x,Very BearishBias Score: -6.15,+$120K,+$630K,+$919K,+$1.6M,4.html
52,0xd260b2216b735277da6771564a01c04856e78321,283d,$3.83M,$16.4M,4.27x,Very BullishBias Score: 4.27,-$312K,-$721K,-$274K,+$1.6M,4.html
53,0x2cd991f48ba31536a96b772536a1daaaedf150ae,136d,$1.99M,$5.65M,2.83x,BearishBias Score: -0.4,+$90.2K,+$252K,+$916K,+$1.6M,4.html
55,0x24fb6523036ebcb3cc51deff138066dccf6bed0f,668d,$1.59M,$109K,0.07x,Slightly BullishBias Score: 0.07,-$4.71K,+$116K,+$214K,+$1.59M,4.html
56,0xbe494a5e3a719a78a45a47ab453b7b0199b9d101,59d,$543K,$3.86M,7.12x,Very BearishBias Score: -7.12,+$126K,+$755K,+$1.56M,+$1.59M,4.html
57,0xa0ca3dcba02de989e35eb3810ad762a222315075,738d,$532K,$266K,0.5x,BullishBias Score: 0.5,+$11.6K,+$263K,+$266K,+$1.59M,4.html
63,0x3e02519a47cef3d4464944c4815fad9e5837e767,599d,$56K,$133K,2.37x,Very BearishBias Score: -1.29,+$3.86K,+$14.7K,+$32.6K,+$1.55M,4.html
66,0x32051a0c36af1449e0eee08146a808115ccc40bb,150d,$2.78M,$914K,0.33x,Slightly BearishBias Score: -0.3,+$92.2K,+$258K,+$185K,+$1.52M,4.html
67,0x13b2e9091268f291f165196d4832ba1c5ac02938,633d,$99.6K,$0,0x,No Position¬†-Bias Score: 0,$0,-$3.27K,-$13.9K,+$1.52M,4.html
68,0xaf9f722a676230cc44045efe26fe9a85801ca4fa,500d,$2.47M,$5.13M,2.07x,Very BearishBias Score: -2.06,+$176K,+$325K,+$470K,+$1.52M,4.html
71,0x9d732bed515e8f66ad2b60cda96a4ef3c31e729f,633d,$12K,$301,0.03x,Indecisive¬†-Bias Score: -0.03,-$123,-$287,+$1.43K,+$1.51M,4.html
73,0xfdba13d24cb423a393603d72ca80f31b251a3727,571d,$403K,$897K,2.23x,Very BearishBias Score: -1.22,+$16.2K,+$91.2K,+$107K,+$1.5M,4.html
76,0xadd12adbbd5db87674b38af99b6dd34dd2a45e0d,759d,$2M,$724K,0.36x,BearishBias Score: -0.36,+$10.6K,+$389K,+$925K,+$1.5M,4.html
77,0xe2823659be02e0f48a4660e4da008b5e1abfdf29,255d,$991K,$6.17M,6.23x,Very BullishBias Score: 6.23,-$46K,-$437K,+$841K,+$1.49M,4.html
80,0x8da6beaa2f002a511809101b24d181a324ae82d6,332d,$211K,$0,0x,No Position¬†-Bias Score: 0,-$56.3K,-$73.4K,-$196K,+$1.48M,4.html
81,0x6f90d048a511626ba5a6425db17f377826df336a,648d,$157K,$86.7K,0.55x,BullishBias Score: 0.48,+$866,-$395,-$7.87K,+$1.48M,4.html
82,0x5b9306593ae710a66832c4101e019e3e96f65d0a,283d,$8.28M,$15.2M,1.83x,Very BearishBias Score: -1.83,+$359K,+$1.95M,+$2.37M,+$1.48M,4.html
83,0x92b585bdf2d67c0fe321108b863ca4617dd39fe9,675d,$856K,$291K,0.34x,Slightly BullishBias Score: 0.31,-$6.09K,-$546,-$232K,+$1.47M,4.html
85,0xfc8c156428a8e48cb8d0356db16e59bec4c0ecea,325d,$1.05M,$2.95,0x,Indecisive¬†-Bias Score: -0,+$631,+$3.59K,+$30.4K,+$1.47M,4.html
87,0x5846ac5619d2a762751b1663d86a402085505765,25d,$787K,$59.1K,0.08x,Slightly BullishBias Score: 0.08,+$18.8K,+$40.7K,+$1.47M,+$1.47M,4.html
88,0xfc667adba8d4837586078f4fdcdc29804337ca06,31d,$9.98M,$19.4M,1.94x,Very BearishBias Score: -1.94,+$610K,+$1.62M,+$1.47M,+$1.47M,4.html
91,0xad747d2d91d8fd336bda8805961089cec51f3550,368d,$147K,$121K,0.82x,Very BearishBias Score: -0.82,+$1.98K,+$11.9K,-$3.54K,+$1.45M,4.html
92,0x21b5eb0ca859383f7d8b6906cddb115e92e80913,536d,$14.3K,$11.3K,0.79x,Slightly BullishBias Score: 0.18,-$563,-$1.28K,-$21.4K,+$1.45M,4.html
97,0x16bf84af3f85f8c8a97597bf2be549dfe0dee637,23d,$4.43M,$0,0x,No Position¬†-Bias Score: 0,$0,+$195K,+$1.43M,+$1.43M,4.html
2,0x49ba9baa20d355ba042af2be9772d2b2cd892f44,620d,$585K,$513K,0.88x,Very BullishBias Score: 0.88,+$371,+$85.6K,-$105K,+$1.42M,5.html
6,0x69906b0ed626ca01a4b7c001e5711e5714ccf207,815d,$500K,$1.39M,2.79x,Very BullishBias Score: 2.79,-$14.4K,-$27.9K,+$42.5K,+$1.41M,5.html
9,0xe98bc6b99a2eb1a108623af5843b922389e78cd5,129d,$2.39M,$2.58M,1.08x,Very BearishBias Score: -1.08,+$111K,+$565K,+$889K,+$1.4M,5.html
12,0x6417da1d2452a4b4a81aa151b7235ffec865082f,179d,$724K,$1.19M,1.64x,Slightly BullishBias Score: 0.16,+$1.73K,-$49.3K,+$123K,+$1.39M,5.html
13,0xac487c027ffe32021bbba77e30786f8c8f353201,192d,$2.96M,$8.13M,2.75x,Very BullishBias Score: 2.75,-$147K,-$851K,+$296K,+$1.38M,5.html
17,0xd28e005c992b168d0b20fca312958e105bb260ab,52d,$1.21M,$4.68M,3.88x,Very BullishBias Score: 3.88,-$82.7K,-$317K,+$1.12M,+$1.38M,5.html
20,0x349bd094209d50280dfaca12779576c748395c15,620d,$93.2K,$236K,2.53x,Very BullishBias Score: 1.64,-$1.8K,-$10.6K,+$37.6K,+$1.37M,5.html
21,0x407afe1e87bf741293d47e562b107a633e678562,472d,$1.38M,$474K,0.34x,Slightly BullishBias Score: 0.34,+$65.8K,+$120K,+$688K,+$1.37M,5.html
22,0x6355f7cf36b24044cd5b089a845113327d0ee58e,115d,$1.88M,$1.45M,0.78x,Very BearishBias Score: -0.78,+$30.7K,+$177K,+$241K,+$1.36M,5.html
24,0x89abe626dc7f010138bc08e0100f1e4e13c30d32,332d,$2.04M,$673K,0.33x,Slightly BullishBias Score: 0.33,+$82K,+$434K,+$654K,+$1.35M,5.html
25,0x8bcf7a888c66f635ac4a2caf42a8dd12a3b20b14,633d,$1.27M,$945K,0.74x,BearishBias Score: -0.74,+$14.5K,+$90.9K,-$45K,+$1.35M,5.html
26,0x47a0d24b34889277010026892b7612143d16bf13,689d,$54K,$45.6K,0.84x,Very BearishBias Score: -0.84,+$656,+$4.98K,+$13.4K,+$1.35M,5.html
27,0x4cc390eada38741fe9c77036b7c38537fb5f38ea,458d,$186K,$689K,3.7x,Very BearishBias Score: -3.7,+$25.1K,+$98.8K,+$163K,+$1.34M,5.html
30,0xcc0ec788a4a1312582b24ac899c522fc3794ee8d,297d,$101K,$517K,5.11x,Very BullishBias Score: 5.11,-$18.1K,-$73K,-$134K,+$1.32M,5.html
32,0xe25875524b59adf5984f29e5723bf8489a689790,297d,$10.7K,$9.08K,0.85x,Very BullishBias Score: 0.85,-$229,-$1.15K,-$37.2K,+$1.32M,5.html
33,0xac50a255e330c388f44b9d01259d6b153a9f0ed9,332d,$243,$0,0x,No Position¬†-Bias Score: 0,-$292,-$136,-$22.6K,+$1.32M,5.html
35,0x95f45c5e6bd5a932c9193d55fed1fd0428ff127f,599d,$24.9K,$0,0x,No Position¬†-Bias Score: 0,$0,+$3.01K,+$14.9K,+$1.32M,5.html
37,0x8701675db59609f63625f7eadb0f212ee3651656,297d,$2.71M,$7.49M,2.76x,Very BullishBias Score: 2.76,+$3.35K,-$184K,+$1.29M,+$1.31M,5.html
41,0xa906355beaf1d69a5fe73ce55899c49c6e67916c,703d,$55.3K,$0,0x,No Position¬†-Bias Score: 0,$0,$0,-$37K,+$1.3M,5.html
42,0x972b0f9cde1266e860e546ac92e783741769400f,598d,$108K,$406K,3.75x,Very BearishBias Score: -3.75,+$9.75K,+$53.6K,+$86.6K,+$1.3M,5.html
43,0xd2b2a8ab7a8c903501f4db4ee45c67522a4511ed,486d,$2.1M,$3.12M,1.49x,Very BearishBias Score: -1.49,+$50.5K,+$357K,+$19.1K,+$1.3M,5.html
44,0x37cdea0c9af695a5629a75e28a20724a98147918,94d,$579K,$123K,0.21x,Slightly BearishBias Score: -0.21,+$2.59K,+$17.3K,+$62.8K,+$1.29M,5.html
45,0x625e239e46d3ad052e23f396de3a569f6fd504e7,710d,$2.67,$0,0x,No Position¬†-Bias Score: 0,-$0.02,+$19.7,-$320,+$1.29M,5.html
48,0x0fd468a73084daa6ea77a9261e40fdec3e67e0c7,143d,$2.9M,$6.2M,2.14x,Very BearishBias Score: -2.14,+$129K,+$319K,+$444K,+$1.28M,5.html
49,0xb3157e8725169aaa81540b678a7a5dfc2eb546fa,458d,$114K,$717K,6.27x,Very BullishBias Score: 6.27,-$50.3K,-$143K,-$304K,+$1.28M,5.html
50,0xbd49d787655919f7ccf051d372a15e4363dd3d01,171d,$642K,$803K,1.25x,Very BearishBias Score: -1.25,+$4.89K,+$77.2K,+$107K,+$1.27M,5.html
51,0x872ea3fe1a064a4f739fa897ec3f81404b352092,178d,$5.55M,$9.26M,1.67x,Very BearishBias Score: -1.67,+$101K,+$1.02M,-$279K,+$1.27M,5.html
52,0x24d02e64d4a2580d570666546ac937adab2b3e08,591d,$1.47M,$1.37M,0.93x,Very BullishBias Score: 0.9,-$36K,-$105K,+$28.2K,+$1.26M,5.html
53,0x96eaaf0375a6c5ecfc4980503bc8ce6c0192616d,13d,$3.76M,$20.3M,5.4x,Very BullishBias Score: 5.4,+$833K,-$5.2M,+$1.26M,+$1.26M,5.html
55,0x97f20f91c18093c7f738a00ffabc03eea04ec668,647d,$78.9K,$116K,1.47x,BearishBias Score: -0.56,+$1.52K,+$2.26K,+$9.16K,+$1.25M,5.html
56,0x9e5c7a2fed36727acf6306e3e5ae12bce86856c7,612d,$522K,$422K,0.81x,BearishBias Score: -0.51,+$13.4K,+$28.7K,+$4.04K,+$1.25M,5.html
58,0x348e5365acfa48a26ada7da840ca611e29c950ef,304d,$3.2M,$898K,0.28x,Slightly BullishBias Score: 0.17,+$23.3K,+$153K,+$314K,+$1.24M,5.html
59,0x3fe1303b746bb9c88b30f364a6394261b4692943,389d,$328K,$0,0x,No Position¬†-Bias Score: 0,$0,$0,-$13.8K,+$1.23M,5.html
60,0xadef6b10893e9cf9a94cf054cf77ad1a8e46499c,332d,$285K,$59.9K,0.21x,Slightly BearishBias Score: -0.21,+$2.02K,+$6.48K,+$6.11K,+$1.23M,5.html
64,0x7ee6b077b59f4417bc36d41bb65365644315db10,178d,$631K,$1.27M,2.01x,Very BearishBias Score: -2.01,+$5.96K,+$123K,+$181K,+$1.23M,5.html
66,0xc49ec554731a81f4bf4f3504cfb1dd3c484ccf74,668d,$120K,$356K,2.97x,Very BearishBias Score: -2.97,+$11.9K,+$63.1K,+$89.3K,+$1.21M,5.html
68,0x039405fa4636364e6023df1e06b085a462b9cdc9,52d,$756K,$1.84M,2.44x,Very BearishBias Score: -2.44,+$52.8K,+$252K,+$6.4K,+$1.21M,5.html
69,0xf40f4129b137f30ab83dfe7f46a468fc6830865f,178d,$1.27M,$2.34M,1.85x,Very BearishBias Score: -1.85,+$38K,+$278K,+$139K,+$1.21M,5.html
70,0x0b83bc39c98335a4ac56999c4ee89053cdb0508a,612d,$564K,$0,0x,No Position¬†-Bias Score: 0,$0,+$0,+$0.05,+$1.21M,5.html
72,0xa53a13a80d72a855481de5211e7654fabdfe3526,661d,$145K,$158K,1.09x,Very BearishBias Score: -1.09,+$9.67K,+$44.1K,+$93.3K,+$1.21M,5.html
73,0xaf37a82f0cf079a3d50674b87e889d2b270f4a44,53d,$3.2,$0.22,0.07x,Slightly BullishBias Score: 0.07,-$0.01,-$0.08,-$0.21,+$1.2M,5.html
74,0x888e000c78b8f1aada5b3c99f880794907b76d77,319d,$1.05M,$3.84M,3.68x,BearishBias Score: -0.57,-$75.7K,-$43.1K,+$281K,+$1.2M,5.html
75,0x4ff9b58ed112bf3df108d1d62bd95e7352ef38d3,332d,$2M,$0,0x,No Position¬†-Bias Score: 0,$0,$0,+$679K,+$1.2M,5.html
79,0xdca131ba8f428bd2f90ae962e4cb2d226312505e,262d,$797K,$2.42M,3.04x,Very BearishBias Score: -3.04,+$48.7K,+$270K,+$361K,+$1.19M,5.html
82,0x0daf132c5554fd7d5eb422585426af557d8847e0,165d,$203K,$369K,1.82x,Very BearishBias Score: -1.82,+$3.76K,+$121K,+$43.2K,+$1.17M,5.html
83,0x4d26bc95c771d1d0a5c5e76297c8f53ffe5f6c19,675d,$431K,$2.08M,4.82x,Very BullishBias Score: 4.82,-$28.6K,-$248K,-$198K,+$1.17M,5.html
84,0x1a25a5b70dc3ce8398c04091b0a6c61c984b80f5,18d,$638K,$948K,1.49x,Very BullishBias Score: 1.49,+$12.4K,-$114K,+$1.17M,+$1.17M,5.html
87,0x649156ebf0a350deb18a1e4835873defd4dc5349,115d,$952K,$2.4M,2.53x,Very BearishBias Score: -2.53,+$53K,+$347K,+$534K,+$1.16M,5.html
88,0x99bfe8e92dcd439ec785c8d809ee2b4c929734c3,311d,$1.31M,$2.25M,1.72x,Very BearishBias Score: -1.72,+$12.6K,-$12K,+$67.2K,+$1.16M,5.html
91,0x317fc9cc1c09024f56fcad506affb2a176cab186,59d,$4.16M,$892K,0.21x,Slightly BearishBias Score: -0.21,-$33.7K,+$179K,+$243K,+$1.15M,5.html
92,0xeafbe89e3bc638a540c166c45d2b12850fc6c402,67d,$0.18,$0,0x,No Position¬†-Bias Score: 0,$0,$0,+$6.17K,+$1.15M,5.html
93,0x091144e651b334341eabdbbbfed644ad0100023e,270d,$2.92M,$6.76M,2.31x,Very BearishBias Score: -2.16,+$115K,+$583K,+$1.47M,+$1.14M,5.html
95,0x3bcae23e8c380dab4732e9a159c0456f12d866f3,452d,$5.21M,$2.96M,0.57x,Indecisive¬†-Bias Score: 0.03,-$88.2K,-$18.4K,+$264K,+$1.14M,5.html
98,0xe113311f35a53b196c0ab3ed31ad0bf937cc5c07,430d,$947K,$2.49M,2.63x,Very BearishBias Score: -2.47,-$5.27K,+$240K,+$355K,+$1.13M,5.html
1,0x0cacfc8c96b84bc5698fcdcb5ffd536b4a246170,368d,$1.26M,$2.8M,2.22x,Very BearishBias Score: -2.22,+$95.6K,+$545K,+$877K,+$1.12M,6.html
2,0xc3b1951ceffdcaf25640cb37ce1d6cf125579a03,339d,$167K,$531K,3.18x,Very BullishBias Score: 3.18,-$45.1K,-$146K,-$191K,+$1.12M,6.html
3,0xc26cbb6483229e0d0f9a1cab675271eda535b8f4,158d,$15.2M,$23.2M,1.53x,Very BullishBias Score: 1.53,-$1.03M,-$2.59M,-$1.17M,+$1.12M,6.html
6,0x325edd95bb016c36027ce3b9f7595af7094a9564,459d,$6.28M,$67.7K,0.01x,Indecisive¬†-Bias Score: 0.01,+$122K,+$186K,+$258K,+$1.12M,6.html
8,0xf9d4f4892f9c9a4ddf939166c592efb9be365e91,228d,$148K,$9.38K,0.06x,Slightly BullishBias Score: 0.06,-$117,+$923,+$20.9K,+$1.11M,6.html
9,0x335f45392f8d87745aaae68f5c192849afd9b60e,143d,$2.14M,$4.1M,1.91x,Very BearishBias Score: -1.91,+$95.6K,+$269K,+$408K,+$1.11M,6.html
10,0xb798aef79972ce8f73d47b9ebbcda6bbb7ec4fbf,66d,$3.39M,$10.5M,3.08x,Very BullishBias Score: 3.08,-$178K,+$604K,+$886K,+$1.11M,6.html
12,0xcd278177b13eb5c269fed43960c4171b66df5b9c,402d,$131K,$589K,4.51x,Very BearishBias Score: -4.51,-$80.9K,-$187K,-$256K,+$1.1M,6.html
13,0x298629982613bf36c48d0b31afd2fe7d1b4604dc,297d,$4.74K,$614,0.13x,Slightly BearishBias Score: -0.13,+$21.3,+$90.7,+$404,+$1.1M,6.html
15,0xd8495b95a3a6a85f4e3baa003e8b7ed1ed85562d,94d,$1.19M,$1.21M,1.02x,Very BearishBias Score: -1.02,-$4.17K,-$110K,-$167K,+$1.1M,6.html
16,0x2204e04834e84ff4bfc53fc769e3ae1dcef47e85,109d,$0.19,$0.22,1.12x,Very BullishBias Score: 1.12,-$0.01,-$0.07,-$0.21,+$1.09M,6.html
17,0x72db642e6c803993aef6fc17e9b159c536508bb6,333d,$1.19M,$406K,0.34x,Slightly BearishBias Score: -0.06,+$12.9K,+$28.4K,+$194K,+$1.09M,6.html
18,0x0becb107c5defbb260cf044e400d4af503eedd34,465d,$2.31M,$5.19M,2.25x,Slightly BullishBias Score: 0.23,-$6.73K,-$26.3K,+$620K,+$1.08M,6.html
22,0xc7290b4b308431a985fa9e3e8a335c2f7650517c,46d,$3.24M,$7.06M,2.18x,Very BearishBias Score: -2.18,+$132K,+$706K,+$654K,+$1.07M,6.html
23,0x7044be555aea5bddb3b9808658500d4e0d0a6b6e,417d,$389K,$486K,1.25x,Very BearishBias Score: -1.25,+$17.1K,+$88.5K,+$106K,+$1.07M,6.html
24,0x9c2a2a966ed8e47f0c8b7e2ec2b91424f229f6a8,185d,$985K,$2M,2.03x,Very BearishBias Score: -1.99,+$58.4K,+$261K,+$161K,+$1.06M,6.html
30,0xe82bc65677e46b6626a8e779ac263221db039c2d,108d,$937K,$2.75M,2.93x,Very BearishBias Score: -2.93,+$66.9K,+$348K,+$482K,+$1.04M,6.html
31,0x11eee2e0a613af4f636e23ff295e2dac6a191d1d,528d,$666K,$8.31M,12.48x,Very BullishBias Score: 12.48,-$245K,-$1.04M,-$123K,+$1.04M,6.html
32,0x7202dba36e7e72a95925153d18bbede43216dc0b,186d,$578K,$14.5K,0.03x,Indecisive¬†-Bias Score: 0.03,-$239,-$2.01K,-$798,+$1.04M,6.html
35,0x058985a1ae732643468d03e468c8b13d985631bc,143d,$399K,$903K,2.26x,Very BullishBias Score: 2.26,-$26K,-$22.6K,-$22.6K,+$1.03M,6.html
36,0xebcfa0e05df4c406f4a166b1318581134a8537c0,94d,$1.06M,$324K,0.31x,Slightly BullishBias Score: 0.31,+$1.36K,+$116K,+$332K,+$1.03M,6.html
40,0x089fe537f4b2af55fa990bc64ff4125800bba4f8,7d,$5.33M,$6.18M,1.16x,Very BullishBias Score: 1.16,+$502K,+$606K,+$1.02M,+$1.02M,6.html
41,0xbb475febf78b528f4f0d4ae1a12541406565199c,143d,$2.08M,$4.02M,1.93x,Very BearishBias Score: -1.93,+$97.4K,+$271K,+$381K,+$1.02M,6.html
42,0xa9c3d444f0a94ae2ae24363d4bd38c3e7ee282ea,606d,$545K,$1.76M,3.23x,Very BullishBias Score: 3.23,+$49.5K,+$94.3K,+$246K,+$1.02M,6.html
43,0xad572a7894c7b0ba4db67c2a7602dd3376d4f094,648d,$197K,$497K,2.52x,Very BullishBias Score: 2.52,-$10K,-$48.2K,-$57K,+$1.02M,6.html
51,0x064e89061ce80cb1b41a2d2963d48d2e8cabde4a,283d,$2.32M,$1.17M,0.51x,BullishBias Score: 0.51,+$38.4K,+$188K,+$711K,"+$1,000K",6.html
53,0xe31deacee1770dfa56f8849724bcb7f8e5f76ef2,360d,$110K,$84.5K,0.77x,Very BearishBias Score: -0.77,+$4.94K,+$28.6K,+$86.7K,+$995K,6.html
55,0x44c9c226cdfae773002b3f86d3966af3cd8f277c,431d,$1.2M,$1.61M,1.34x,Slightly BullishBias Score: 0.1,-$17.2K,-$81.6K,-$216K,+$991K,6.html
56,0x3a44740a8c668afc6947a5c437ea073eb10b9b57,619d,$180K,$0,0x,No Position¬†-Bias Score: 0,$0,$0,+$24.2K,+$990K,6.html
57,0xd94606128b20680539a719b07bca6cbc30786a28,269d,$1.22M,$933K,0.77x,BearishBias Score: -0.71,-$9.55K,+$107K,+$121K,+$990K,6.html
59,0x9c16bc8f1104e4d2f72267eb981fa12de7cc4a6f,214d,$1.64M,$6.03M,3.68x,Very BearishBias Score: -3.68,+$149K,+$999K,+$1.77M,+$987K,6.html
60,0x3c363e96d22c056d748f199fb728fc80d70e461a,165d,$499K,$6.28M,12.59x,Very BullishBias Score: 12.59,-$128K,+$162K,+$758K,+$986K,6.html
61,0x39bac00809cae627f52e4a82f95f4f67d5b269bd,598d,$339K,$899K,2.66x,BearishBias Score: -0.57,+$9.75K,+$33.1K,+$30.8K,+$984K,6.html
62,0x72ffacea0906eb393b2e680ab5e25efbd8d1a9c4,515d,$36.7K,$5.82K,0.16x,Slightly BullishBias Score: 0.16,-$253,-$1.14K,-$1.45K,+$982K,6.html
64,0x668cec05549105e5b05bcc779a43186735d7ea2e,382d,$1.72M,$1.83M,1.07x,Slightly BearishBias Score: -0.32,-$42.1K,+$1.27M,+$1.73M,+$977K,6.html
68,0x126220f27cddaba57d903c51a94caf002b2ed355,507d,$531K,$466K,0.88x,Indecisive¬†-Bias Score: 0.01,+$10.7K,+$19.1K,+$67.8K,+$969K,6.html
71,0x8923cdff38a43d1fd59d323c35b900047e431bac,850d,$98.7K,$112K,1.13x,Very BullishBias Score: 1.13,-$2.6K,+$6.21K,-$70.6K,+$965K,6.html
72,0x7eb9026d0183942458bd4660371c3cc0a2df3beb,23d,$2.39M,$0,0x,No Position¬†-Bias Score: 0,$0,-$128K,+$964K,+$964K,6.html
73,0xf6fb1452dffd2535ad6b506bb9d763864e048fb0,451d,$14.8K,$12K,0.81x,Very BullishBias Score: 0.81,-$323,-$202,-$18.3K,+$962K,6.html
76,0x1f67d79afc8d0e7609ddba6c9b657cc635f69981,312d,$527K,$2.57M,4.87x,Very BearishBias Score: -4.73,+$33.7K,+$270K,+$402K,+$960K,6.html
79,0xf97ad6704baec104d00b88e0c157e2b7b3a1ddd1,521d,$997K,$375K,0.38x,Indecisive¬†-Bias Score: 0,-$3.11K,+$11.4K,+$13.7K,+$955K,6.html
81,0xf27ebb91ea420f73b59b205ac7e0b77a90ec8f3c,549d,$4.99M,$4.43M,0.89x,BearishBias Score: -0.6,+$135K,+$273K,+$197K,+$952K,6.html
82,0x6f1d35664eab0efa5a796091c28d14f1472d3162,584d,$916K,$1.17M,1.28x,Very BearishBias Score: -0.79,-$2.68K,+$126K,+$111K,+$951K,6.html
86,0x782e432267376f377585fc78092d998f8442ab83,199d,$1.9M,$4.32M,2.28x,Very BearishBias Score: -2.28,+$56.5K,+$449K,+$521K,+$941K,6.html
87,0x413c7a0a3489563350219bc96965a7da02f0fffc,318d,$89.1K,$344K,3.86x,Very BullishBias Score: 2.32,-$9.51K,-$52.2K,-$15K,+$938K,6.html
89,0x47a761bb9e970ac93cb571c4614c4ca643714e4f,361d,$1.02M,$1.23M,1.2x,Very BullishBias Score: 1.2,+$103K,+$114K,+$178K,+$929K,6.html
90,0x8feb3a7d8bf1e424679fc75753b363eba5ee8185,382d,$589,$475,0.81x,Very BearishBias Score: -0.81,+$3.32,+$15,+$15,+$929K,6.html
91,0xd6608f4027ee90db6dc45d0b4b8e2fb0a49c1f61,347d,$978K,$0,0x,No Position¬†-Bias Score: 0,$0,$0,-$4.85K,+$928K,6.html
93,0xfab134fc24fe340e9e997e89147bdc0d944958f8,633d,$100K,$0,0x,No Position¬†-Bias Score: 0,$0,-$1.58K,-$2.24K,+$926K,6.html
98,0x38cfd6c3c1921d77fa760743fc341144a3141ccf,52d,$924K,$448K,0.48x,BearishBias Score: -0.48,-$1.04K,+$190K,-$73.3K,+$917K,6.html
99,0x57baee0482d81f19eff86257425033af3f875b86,53d,$0.19,$0.22,1.12x,Very BullishBias Score: 1.12,-$0.01,-$0.07,-$0.21,+$915K,6.html
1,0x1da7920ca7f9ee28d481bc439dccfed09f52a237,80d,$2.66M,$4.59M,1.72x,Very BearishBias Score: -1.72,+$58.9K,+$302K,-$1.24M,+$913K,7.html
2,0x93f60f919f6d0a9f732c4ab56c20cd57c2cb5e75,374d,$0.01,$0,0x,No Position¬†-Bias Score: 0,$0,$0,-$5.06K,+$911K,7.html
3,0x3e8734ec146c981e3ed1f6b582d447dde701d90c,304d,$1.38M,$1.64M,1.19x,Very BearishBias Score: -1.19,+$28.4K,+$157K,+$31.1K,+$908K,7.html
8,0x02e4cc8575e3b493f04e924e2c775009b22f5955,150d,$2.79M,$5.21M,1.87x,Very BullishBias Score: 1.87,-$162K,-$925K,+$527K,+$899K,7.html
10,0x25554a80781ee62414c3747e81c3f50157c634b1,598d,$802K,$159K,0.2x,Slightly BullishBias Score: 0.2,-$2.01K,-$139,-$139,+$895K,7.html
19,0xc4241dc9bfeb5126c0766df35a87ed3fbd630c78,311d,$574K,$1.17M,2.05x,Very BullishBias Score: 1.93,-$38.5K,-$151K,-$118K,+$877K,7.html
20,0xb1694de2324433778487999bd86b1acb3335ebc4,80d,$529K,$2.19M,4.14x,Very BearishBias Score: -4.14,+$72.5K,+$378K,+$578K,+$876K,7.html
21,0xfba31dfa3c6612abca9a27f65af77d9fed7e2db7,647d,$267K,$139K,0.52x,BullishBias Score: 0.52,-$3.61K,-$4.01K,-$128K,+$875K,7.html
24,0x825714bae8bd60162bb14a04bb2183d00b3d00c9,185d,$395K,$56.8K,0.14x,Slightly BullishBias Score: 0.14,-$3.49K,-$11.1K,-$8.45K,+$871K,7.html
25,0x913df0b299f74ced052c5332a19a1fe72a343ad6,563d,$613K,$1.16M,1.89x,Slightly BearishBias Score: -0.07,+$3.15K,+$52.6K,+$242K,+$871K,7.html
26,0x5559da6ec434c5723d0ce9c4da7f29e3f8a3d43b,458d,$2.35M,$3.18M,1.36x,Very BearishBias Score: -1.36,+$20.6K,+$280K,+$497K,+$869K,7.html
29,0xb5c379b0d7b49485dde122d322a889d6d1f8edf5,136d,$719K,$1.03M,1.44x,Very BullishBias Score: 1.44,+$107K,+$119K,-$636,+$867K,7.html
30,0x2b02efbf4fa4585ae3cc9d81913770e9b12484db,661d,$704K,$188K,0.27x,Slightly BearishBias Score: -0.27,+$21.2K,+$107K,+$89.3K,+$866K,7.html
32,0x0b1ace05eb9ef1c3a1951b763700ecad24f27741,571d,$16.8K,$6.8K,0.4x,BullishBias Score: 0.4,+$192,+$3.21K,+$27.5K,+$864K,7.html
34,0x0ed94196b7cf3a2108699497e22b087675aeaea9,290d,$56K,$150K,2.68x,Very BullishBias Score: 2.68,+$1.22K,+$1.24K,+$1.24K,+$858K,7.html
39,0xb81f8503d71141b03a35b505cfe2f217b04f0699,577d,$533K,$483K,0.91x,Very BullishBias Score: 0.91,-$4.95K,-$163K,+$32.6K,+$853K,7.html
42,0x7dd6af227362f4115e060f39c00791ffcf4230d8,619d,$142K,$278K,1.95x,Very BearishBias Score: -1.08,+$8.06K,+$44.3K,+$59.8K,+$850K,7.html
44,0x3a122449de235a40481689442271c0731b805d69,375d,$1.79M,$3.56M,1.99x,Very BullishBias Score: 1.99,-$58.7K,-$16.5K,+$150K,+$848K,7.html
47,0x2ca4927174ba283d8a57f60ef3589844035a2930,66d,$390K,$2.57M,6.58x,Very BearishBias Score: -6.58,+$45.5K,+$61.1K,+$226K,+$845K,7.html
49,0x4f235c15474f984504b0f188755021ae45c2fa65,108d,$885K,$348K,0.39x,BearishBias Score: -0.39,+$23.5K,+$119K,+$42.7K,+$842K,7.html
50,0xd86953bce0f52225bd7bff14852056c4aec2e4e9,185d,$217K,$2.02M,9.3x,Very BearishBias Score: -9.3,+$38.5K,+$228K,+$319K,+$842K,7.html
52,0x248ee78390f5505d34f36ce2df87d79fbcdb6be2,291d,$171K,$438K,2.56x,Very BullishBias Score: 2.56,+$32.7K,+$24.8K,+$1.13M,+$842K,7.html
53,0x103ff34b773e02c12d74e34701028a1b70738f1f,283d,$3.63M,$6.77M,1.86x,Very BullishBias Score: 1.86,-$611K,-$461K,+$840K,+$840K,7.html
54,0x08b5cf766ffbc31c129d2733b3f831054cec310c,39d,$550K,$2.02M,3.67x,Very BullishBias Score: 3.67,-$64.9K,-$73.3K,+$687K,+$836K,7.html
55,0x5f94a51948d2376ad34a6fadfa2544e651b74b96,333d,$1.38M,$4.63M,3.34x,Very BearishBias Score: -1.54,+$30.4K,-$6.74K,+$95.8K,+$834K,7.html
58,0x179c17d04be626561b0355a248d6055a80456aa5,25d,$679K,$3.13M,4.61x,Very BearishBias Score: -4.61,+$113K,+$554K,+$832K,+$832K,7.html
59,0x0cb1bc9c2a357ffc3627fa8e1cd7cf6ff74f6edb,256d,$312K,$334K,1.07x,Very BearishBias Score: -1.07,+$5.24K,+$70.9K,+$127K,+$828K,7.html
60,0xadc9cf23f55c6221a05a8150e5768d7c3289562f,94d,$1.11M,$1.05M,0.94x,Very BullishBias Score: 0.94,-$39.4K,+$411K,+$656K,+$827K,7.html
62,0xbc433ba7c34752448c5361e5ed3038628a1753b0,172d,$1.68M,$1.8M,1.07x,Very BearishBias Score: -0.88,+$58.5K,+$249K,+$401K,+$825K,7.html
63,0x39475d17bcd20adc540e647dae6781b153fbf3b1,102d,$8.41M,$23.4M,2.79x,Very BearishBias Score: -2.79,+$675K,+$1.53M,+$1.67M,+$822K,7.html
68,0x96c5ecf6996df7f1851b72a86e2852e77bee4c72,634d,$5.3K,$27.5K,5.18x,Very BearishBias Score: -5.18,+$718,-$229,-$71.2K,+$816K,7.html
70,0x1e3001537d0c6799e59245597c541127bac57120,458d,$277,$708,2.55x,Very BullishBias Score: 2.55,-$63.3,-$605,-$1.63K,+$814K,7.html
73,0xf33b8b3c2559930ed028ef2591d85be57620d163,129d,$1.17M,$1.58M,1.35x,Indecisive¬†-Bias Score: -0.02,-$23.3K,-$269K,+$168K,+$810K,7.html
75,0x36fbd89b5aa130b53708a98e729ad726daaf1f86,199d,$402K,$3.16M,7.87x,Very BearishBias Score: -7.87,+$120K,+$436K,+$527K,+$805K,7.html
76,0xf770f371cc66499a89ae56aa84f9506e083f99ea,675d,$381K,$246K,0.65x,BullishBias Score: 0.65,-$8.93K,-$28.3K,+$53.9K,+$805K,7.html
78,0xb4b59938625073dc64e054d9f5c5364cd62a89ea,102d,$138,$0,0x,No Position¬†-Bias Score: 0,$0,$0,-$995,+$801K,7.html
81,0x2c4ebdcd592a74b4022ad9d1fb00ab6976abe483,717d,$927K,$3.45M,3.72x,Slightly BearishBias Score: -0.32,+$85.5K,-$318K,+$393K,+$798K,7.html
82,0x059f4592427f94ace29ad4103d0ac0b8c62236fa,136d,$615K,$14.8K,0.02x,Indecisive¬†-Bias Score: 0.02,+$48.4K,+$215K,-$58.8K,+$797K,7.html
84,0x8d0a7b41ece5ac812e417270f83a299c3efb6486,32d,$1.49M,$1.66M,1.11x,Very BullishBias Score: 1.11,-$233K,-$943K,-$732K,+$793K,7.html
85,0x003a85c562730b196f7cba202a2515f2ff855736,241d,$4.83K,$18.9K,3.92x,Very BullishBias Score: 3.92,-$263,-$2.29K,-$21.3K,+$792K,7.html
86,0x862c6f0373ac129fc66a324b234943139ca10c92,801d,$143K,$1.29M,8.97x,Very BearishBias Score: -8.97,+$29.9K,+$29.9K,+$29.9K,+$791K,7.html
87,0x3e516cf3c9d4f29fae6c1324c2414dc872fc9c09,843d,$436K,$0,0x,No Position¬†-Bias Score: 0,-$187,+$18.6K,+$19.8K,+$790K,7.html
88,0x6a572bb9d31ff710f882f33c21d8ba11a169a887,16d,$428K,$7.5M,17.53x,Very BearishBias Score: -17.53,+$106K,+$486K,+$790K,+$790K,7.html
89,0x2312171890250347dbf1b082bdf7950504909e92,822d,$954K,$403K,0.42x,Indecisive¬†-Bias Score: -0.03,+$3.25K,+$10.1K,+$16.8K,+$789K,7.html
92,0xb4321b142b2a03ce20fcab2007ff6990b9acba93,305d,$2.8M,$382K,0.14x,Indecisive¬†-Bias Score: -0.04,+$361K,+$408K,+$924K,+$786K,7.html
94,0x4e106d5e97b59c6b0cd84bb9c65ea67570502176,696d,$44.7K,$95.1K,2.13x,Very BearishBias Score: -1.42,+$2.35K,+$5.54K,+$7.01K,+$783K,7.html
95,0xa351db10472a07059ea099e0581444e568bff894,332d,$26.7K,$0,0x,No Position¬†-Bias Score: 0,$0,$0,-$1.44K,+$783K,7.html
98,0x288ed4efc8fbd1e42a06fe083ea942d20c90b336,312d,$739K,$1.04M,1.4x,BearishBias Score: -0.53,+$13.1K,-$9.27K,-$37.1K,+$782K,7.html
99,0xc7abcfeaf42bd7afae393863f5e7fc470a662bf8,178d,$631K,$0,0x,No Position¬†-Bias Score: 0,$0,$0,-$0.01,+$780K,7.html
4,0xb1e0912b4a1872afe530a7f0be6bb6fb253d1018,493d,$965K,$952K,0.99x,Very BullishBias Score: 0.99,-$58.9K,-$196K,+$542K,+$771K,8.html
5,0x2b8e8acc1dd32cd642ebb91014320a6f6a0f9507,494d,$108K,$0,0x,No Position¬†-Bias Score: 0,-$816,-$382,-$4.71K,+$771K,8.html
7,0xe5a1d72ecb46aaf48df76ded128b5aebd5b22156,325d,$115K,$349K,3.04x,Very BearishBias Score: -3.04,+$11.2K,+$59.8K,+$89.7K,+$770K,8.html
8,0x6ad9a8b10f8e8e3883acabbbf3d808b156e33ec7,738d,$679K,$76.8K,0.11x,Slightly BullishBias Score: 0.11,+$1.5K,+$97.4K,+$187K,+$770K,8.html
9,0xa7938a22fee8e98e19e930df45cb588a178efb9c,340d,$445K,$0,0x,No Position¬†-Bias Score: 0,$0,+$2.01K,+$5.45K,+$769K,8.html
11,0x001a1a5eb6800e78197b92a527b3ba8b8d5bfef6,382d,$383K,$2.34M,6.09x,Very BearishBias Score: -6.09,+$75.7K,+$303K,+$531K,+$767K,8.html
13,0x885989fd94d30c150e6eaf897090509bce4f6aa8,598d,$589K,$0,0x,No Position¬†-Bias Score: 0,-$6.2K,-$5.06K,+$7.58K,+$766K,8.html
14,0xdb611d682cb1ad72fcbacd944a8a6e2606a6d158,850d,$252K,$273K,1.08x,Very BearishBias Score: -1.08,+$4.85K,+$38.3K,+$80.7K,+$765K,8.html
16,0xa567501abf12f401c9e613b6323c43cf29b0f92c,668d,$45.7K,$0,0x,No Position¬†-Bias Score: 0,$0,+$808,-$2.2K,+$761K,8.html
17,0xd51b48fa7b9c4e408aa42eb7ad0b87ce73110d9e,255d,$1.39M,$885K,0.64x,BearishBias Score: -0.64,-$4.5K,-$1.22K,-$98.6K,+$761K,8.html
20,0xcafcbbf25e5d67c7700d8c49b0431a64fd7e89a8,80d,$0.01,$0,0x,No Position¬†-Bias Score: 0,$0,$0,-$4.48K,+$757K,8.html
21,0x520863bab865050e635207c4ed099eec568f3f47,528d,$319K,$223K,0.7x,BearishBias Score: -0.7,+$5.64K,+$30.1K,+$42.5K,+$755K,8.html
22,0x853c6d722c0bcf77a7aa9f08d96b06f13dd89949,164d,$852K,$1.01M,1.19x,Very BullishBias Score: 1.19,+$47.5K,-$6.56K,-$199K,+$753K,8.html
23,0x9e5bb5fcbbb88cdf81b19e55e7e07d716945743e,339d,$92.4K,$212K,2.3x,Very BullishBias Score: 2.3,-$3.92K,-$65.1K,-$118K,+$752K,8.html
27,0x001ac3f0972b620cd6be82ba54d111614d7d48fb,508d,$1.17K,$11.3K,9.64x,Very BullishBias Score: 9.64,-$1.85K,-$44.6K,-$139K,+$751K,8.html
28,0x565a65432ca44a999eb7217815d58594a559ccb2,640d,$929K,$513K,0.55x,Slightly BullishBias Score: 0.29,-$15.6K,-$39.7K,-$34.4K,+$749K,8.html
30,0x3f319b0b6bf5bbaaaae45b8f9090745a84f88769,227d,$1.54M,$11.7M,7.64x,Very BullishBias Score: 7.64,-$280K,-$1.32M,-$1.81M,+$749K,8.html
31,0x349f8e8d1495341f520406997ebae476fcfebd06,354d,$2.25M,$2.74M,1.22x,Very BearishBias Score: -1.22,+$108K,+$373K,+$710K,+$748K,8.html
32,0xb5101614ad71468a041a83e64d8b834aa17a1ed6,347d,$2.02,$0,0x,No Position¬†-Bias Score: 0,$0,$0,+$47.3K,+$748K,8.html
33,0xd82f7d84a524b8e82de0cb3df1f04e338604fd8e,52d,$376K,$2.17M,5.78x,Very BearishBias Score: -5.78,+$63.1K,+$463K,+$748K,+$748K,8.html
35,0x60dd456273cbb018c2222621d4c2dc5016e870d3,934d,$6.3K,$0,0x,No Position¬†-Bias Score: 0,$0,+$36.6,-$347,+$745K,8.html
38,0xb245ed242d9f9a86e75cdb30892d9d922cd568ba,101d,$886K,$5.63M,6.35x,Very BearishBias Score: -6.35,+$101K,+$623K,+$421K,+$745K,8.html
39,0x975f178fd8a566d98bc935340064c691fa4d8881,578d,$517K,$3.94M,7.62x,Very BearishBias Score: -7.62,+$63.5K,+$350K,+$484K,+$745K,8.html
40,0x106943709714fb0e5e62b82f5013ebc762591ae1,59d,$744K,$1.21M,1.63x,Very BearishBias Score: -1.63,+$41.1K,+$177K,+$423K,+$744K,8.html
47,0x8888892c503f24822ed71eb2de512b9742ddcee8,675d,$1.43M,$543K,0.38x,BearishBias Score: -0.38,+$16.4K,+$40.1K,+$88.2K,+$739K,8.html
48,0x71f060a388589f2917df5e6b79a1e43baad1b611,304d,$778K,$1.41M,1.81x,Indecisive¬†-Bias Score: 0.03,+$23.9K,+$96.5K,+$352K,+$738K,8.html
49,0xe7eb077d77f09b469b2ea8548aa860b137039977,319d,$1.28M,$0,0x,No Position¬†-Bias Score: 0,$0,+$69.9K,+$218K,+$738K,8.html
52,0xb30cadab02bc62fc4df652ae0ffaffa9596a0e1b,172d,$404K,$1.88M,4.65x,Very BearishBias Score: -4.65,+$35.4K,+$116K,+$264K,+$732K,8.html
54,0xd63fca366dbbdeeee76edb4e637c8f89c4605388,326d,$455K,$0,0x,No Position¬†-Bias Score: 0,$0,$0,+$4.93K,+$731K,8.html
56,0xb1ad88e61c6cf27a4b07404c07ddfffa47ac7e32,276d,$212K,$44.3K,0.21x,Slightly BearishBias Score: -0.16,+$610,+$1.62K,+$1.62K,+$731K,8.html
57,0xfbc9638938262f15cc1b3a751a54d538559da361,297d,$513K,$2.11M,4.11x,Very BearishBias Score: -4.11,+$70.2K,+$315K,+$432K,+$731K,8.html
59,0xe2d0be8f9214dddcfd316e09f333a0598e574d8b,423d,$1.8K,$7.44K,4.13x,Very BullishBias Score: 4.13,-$348,-$1.37K,-$2.51K,+$730K,8.html
62,0xe4d83945c0322f3d340203a7129b7eb5cacae847,66d,$405K,$1.54M,3.8x,Very BearishBias Score: -3.8,+$50.2K,+$263K,+$394K,+$727K,8.html
67,0x470756b530bfa294b80dd4783a1fe13dcf3b3394,346d,$393K,$617K,1.57x,Very BullishBias Score: 1.57,+$143,+$29K,+$250K,+$719K,8.html
68,0x00e80cc289c9ed6630316cf36cce61e4a9802e13,388d,$206K,$408K,1.98x,Very BullishBias Score: 1.98,+$17.1K,+$64.2K,+$117K,+$719K,8.html
69,0x1e5b1efd99c89d39b59b28a19e6b42bbeb98433b,46d,$1.09M,$3.17M,2.9x,Very BearishBias Score: -2.9,+$61.2K,+$270K,+$420K,+$718K,8.html
71,0xf2e47284b93faf0dce68d18ccf1d9e4f59fbb9c2,822d,$519K,$1.58M,3.04x,Slightly BullishBias Score: 0.16,+$10.6K,+$90.6K,+$181K,+$716K,8.html
75,0xcb2046851d0f44a48331ba9e35cb40c2f7bb7e1b,374d,$0.01,$0,0x,No Position¬†-Bias Score: 0,$0,$0,+$10.2K,+$712K,8.html
76,0x78a1b7fc599f4c9d7227be8f9719f6a648bc62fe,297d,$1.14K,$0,0x,No Position¬†-Bias Score: 0,$0,-$50.8K,-$72.8K,+$712K,8.html
79,0xfa58f82875ee97464a8feef085e597b06590dd13,522d,$0.01,$0,0x,No Position¬†-Bias Score: 0,$0,$0,-$80.7K,+$709K,8.html
82,0xa930cdefd5c41bbb92081faa33afdd5b3ba0c999,633d,$1.18M,$3.56M,3.01x,Very BearishBias Score: -3.01,+$119K,+$616K,+$884K,+$706K,8.html
84,0x3b00771e5462f736c22b0423c8eadf764bc1b5e9,80d,$301K,$0,0x,No Position¬†-Bias Score: 0,$0,$0,+$12.5K,+$706K,8.html
92,0x872d3fb74cb230faf1746b4e66971551a010ba6d,738d,$420K,$350K,0.83x,Very BearishBias Score: -0.83,+$11K,+$51.4K,+$77.9K,+$697K,8.html
94,0x8b287ad391afe8eb1f4e360252b47ffa441198f4,123d,$0.54,$0,0x,No Position¬†-Bias Score: 0,$0,$0,+$22.1K,+$695K,8.html
97,0x503c3dbb6f21f231a33da05822229026e8a88acd,80d,$310K,$1.24M,3.99x,Very BearishBias Score: -3.69,+$10.3K,+$94.5K,+$209K,+$692K,8.html
98,0xe34d21d1980082c6dd1c2d7be6315187dfe4a718,578d,$13.1K,$244,0.02x,Indecisive¬†-Bias Score: -0.02,-$99.6,+$37.4,+$2.39K,+$691K,8.html
99,0x4d470e0a241c3d7321b4b6c6f23f214db85bfa47,731d,$3.35M,$2.12M,0.63x,BearishBias Score: -0.63,+$104K,-$209K,+$343K,+$690K,8.html
1,0x45d2489ae3b7536d0b933859337e8c16b8859b84,311d,$87.3K,$639K,7.32x,Very BearishBias Score: -7.32,-$8.4K,+$21.1K,-$104K,+$687K,9.html
2,0x82c6503af0d94c782f69caf3fb64568608b8fe42,297d,$809K,$614K,0.76x,Very BullishBias Score: 0.76,-$20.7K,-$37.3K,+$86.5K,+$686K,9.html
4,0x00071360d75385c4c25dd8f217465693ffe91a69,339d,$8,$0,0x,No Position¬†-Bias Score: 0,$0,$0,+$161K,+$685K,9.html
5,0x0d8d5b2d87d36b99d28c321ff7a4a6d206a9c2aa,165d,$213K,$331K,1.55x,Very BearishBias Score: -1.55,+$7.89K,+$41.5K,+$146K,+$684K,9.html
7,0x9b864dde6ed1c21608b1665a0ac0faa4f7e36e6e,591d,$57.2K,$20.6K,0.36x,BearishBias Score: -0.36,+$885,+$7.24K,+$7.49K,+$684K,9.html
8,0xee126cd566febeebee9a715812df601e1e69512c,312d,$438K,$808K,1.84x,Very BearishBias Score: -1.07,+$7.04K,-$23.5K,-$123K,+$682K,9.html
9,0x1044566e87c868cf9a642eb9809d70a0fc0af997,332d,$280K,$0,0x,No Position¬†-Bias Score: 0,+$52.4K,+$38.4K,+$2.52K,+$680K,9.html
10,0x04cc5be7baef93144c6a1f06846d26f808b44ab5,584d,$686K,$2.25M,3.28x,Very BullishBias Score: 3.28,-$42.2K,-$184K,-$130K,+$679K,9.html
12,0xfc84a4bba95d3a13f91a9c0d735c0af04a18f4d0,367d,$8.56K,$18.8K,2.19x,Very BullishBias Score: 2.19,-$1.26K,-$5.4K,-$124K,+$677K,9.html
14,0x2c352e53a2b471b0d98f00d6117ee40e708c72b8,249d,$728K,$790K,1.09x,Very BullishBias Score: 1.09,-$49.7K,-$168K,+$82.6K,+$675K,9.html
19,0x4edd48ecffa32d4fdbf0ca76433095d4dee6b7fc,500d,$372K,$871K,2.34x,Very BearishBias Score: -0.89,+$8.01K,-$39.6K,-$66.8K,+$672K,9.html
20,0x4a5ae81bb737662ff67f7b31eb6fe62d15d91441,298d,$35.1K,$30.3K,0.86x,Very BearishBias Score: -0.86,+$428,+$3.22K,-$871,+$672K,9.html
23,0x4cd80aa0ce4881eb8679eda1f6fbe3d89aec0f7f,339d,$377K,$114K,0.3x,Slightly BearishBias Score: -0.3,-$2.44K,+$14.6K,+$18.3K,+$669K,9.html
25,0xf7013b5448964a7ab8ee2a1c47eae5fe96f59a4a,164d,$780K,$1.02M,1.3x,Very BullishBias Score: 1.3,+$53.8K,+$55.8K,+$619K,+$668K,9.html
28,0x15f970a5fa4791dbe4fc3adea6d41e87e5fac6ff,501d,$13K,$262K,20.17x,Very BullishBias Score: 20.17,-$4.89K,-$7.6K,-$82.7K,+$664K,9.html
30,0x45974824c1c4e4d797aa8d057a5499b46cdefe33,703d,$517K,$2.76M,5.33x,Very BearishBias Score: -5.04,+$39.6K,+$186K,+$225K,+$664K,9.html
34,0x727956612a8700627451204a3ae26268bd1a1525,480d,$166K,$43.6K,0.26x,Slightly BullishBias Score: 0.07,-$963,+$32.3K,+$129K,+$662K,9.html
35,0x33c3b8bcd758f511b350374a63e1f880f40e0282,325d,$632K,$1.39M,2.19x,Slightly BullishBias Score: 0.27,+$23.9K,+$26.9K,+$2.68K,+$662K,9.html
37,0x054a01da80ee37d5220af5471b1eedbdcd2cdb2f,333d,$725K,$207K,0.29x,Indecisive¬†-Bias Score: -0.03,-$9.31K,+$45.1K,+$108K,+$661K,9.html
38,0xae67e0441a483deed7792d4572558608e5a99a49,109d,$297K,$175K,0.59x,BearishBias Score: -0.59,+$6.95K,+$28.1K,+$39.5K,+$661K,9.html
39,0xdcac85ecae7148886029c20e661d848a4de99ce2,717d,$325K,$463K,1.43x,Very BearishBias Score: -1.39,+$21.3K,+$54K,-$16.7K,+$660K,9.html
46,0x09bf77ff40d9b8fb0fa2610b3da36705db58f05c,627d,$44.8K,$35.7K,0.8x,Very BearishBias Score: -0.8,+$5.61K,+$12.4K,+$18.7K,+$656K,9.html
48,0xe06532a98a541b48f6330d2dd88e2b4b96010d6b,333d,$534K,$331K,0.62x,BearishBias Score: -0.62,+$8.39K,+$58K,+$170K,+$655K,9.html
51,0x051315fb7c07702b5adfa0d897c080c11b8082dc,116d,$41.6K,$313K,7.51x,Very BullishBias Score: 7.51,-$21.8K,-$73.8K,-$141K,+$654K,9.html
52,0xf7b5461d0007ce4b52eaea2f6d2a30cef0fbefff,542d,$91.9,$0,0x,No Position¬†-Bias Score: 0,$0,$0,-$1.58K,+$653K,9.html
53,0x9dea4d13ac1c469b7fe9049d43835df1be143ec0,634d,$519K,$2.78M,5.36x,Very BearishBias Score: -5.36,+$49.7K,+$311K,+$413K,+$651K,9.html
54,0xc9ac2940e99c00d4c188c3b446b08c03502ee568,731d,$45K,$0,0x,No Position¬†-Bias Score: 0,$0,$0,-$5.99K,+$651K,9.html
56,0xb39df6c5f0ef3a6e97f9ea5585f756f210fb0b99,648d,$976,$0,0x,No Position¬†-Bias Score: 0,$0,-$18.9K,+$39.1K,+$650K,9.html
58,0xa33a4a057334c7811ad5f45f3c4f0dfa3d081ff8,108d,$762K,$330K,0.43x,Slightly BearishBias Score: -0.29,-$22.5K,-$8.66K,-$58K,+$648K,9.html
59,0x75ec3ba266176e733f1b1fdaa15052f5eff724b8,164d,$345K,$733K,2.12x,Very BullishBias Score: 2.12,+$23.8K,+$35.6K,+$441K,+$647K,9.html
60,0x2ae504e4ba318c3b84a8bf2344d3d760dc56ac99,375d,$0.01,$0,0x,No Position¬†-Bias Score: 0,$0,$0,-$11.1K,+$646K,9.html
61,0xef2364db5db6f5539aa0bc111771a94ee47637fc,710d,$416K,$0,0x,No Position¬†-Bias Score: 0,+$1.52K,+$12.3K,+$53.7K,+$646K,9.html
62,PURR Deployer 2,710d,$481K,$0,0x,No Position¬†-Bias Score: 0,+$1.49K,+$12.4K,+$53.8K,+$646K,9.html
63,0x58e1b0e63c905d5982324fcd9108582623b8132e,710d,$475K,$0,0x,No Position¬†-Bias Score: 0,+$1.48K,+$12.5K,+$53.7K,+$646K,9.html
64,0x263294039413b96d25e4173a5f7599f8b3801504,710d,$426K,$0,0x,No Position¬†-Bias Score: 0,+$1.49K,+$12.3K,+$53.8K,+$646K,9.html
66,0x474e2cb1aac71f66d0aa7adb0cd92c919f842fe4,606d,$15.4K,$15.1K,0.98x,Very BearishBias Score: -0.98,+$273,+$1.16K,-$419,+$644K,9.html
68,0x6979dde2781dc4ec843641b10b2a2f2e0f4bda62,45d,$654K,$3.14M,4.81x,Very BearishBias Score: -4.81,+$50.6K,+$346K,+$522K,+$642K,9.html
69,0x59319c81c0cf3d02e3b68996c2dfe47308a006dc,675d,$183K,$136K,0.74x,BearishBias Score: -0.74,+$4.02K,-$3.24K,+$38.1K,+$642K,9.html
74,0xde236b0b3b367d5ad2a2c42b914bded79d03fe28,577d,$1.84M,$447K,0.24x,Slightly BearishBias Score: -0.16,-$7.3K,+$98.7K,+$30.3K,+$634K,9.html
75,0x857f876490b63bdc7605165e0df568ae54f72d8e,655d,$2.35M,$2.1M,0.89x,Indecisive¬†-Bias Score: 0,+$57K,-$29.8K,+$356K,+$634K,9.html
76,0x35811174314e93b13d9a7998316c70a0385c6c42,508d,$361K,$75.6K,0.21x,Slightly BullishBias Score: 0.21,-$1.32K,-$33.5K,-$15K,+$633K,9.html
77,0xa4be91acc74feabab71b8878b66b8f5277212520,53d,$316K,$2.06M,6.54x,Very BearishBias Score: -6.54,+$48.5K,+$367K,+$633K,+$633K,9.html
79,0x4af1ace0e1daa9bb69a208f311d73112d92c597f,94d,$1.18M,$284K,0.24x,Slightly BearishBias Score: -0.24,+$24.6K,+$68.3K,+$104K,+$630K,9.html
81,0xd77a0944d0039e92f3309f9cf52b6926b7c14b6d,493d,$118K,$0,0x,No Position¬†-Bias Score: 0,+$260,+$7.14K,+$18.7K,+$628K,9.html
82,0xbb828515677729c4db2f790a52cf14b1c659e19f,108d,$134K,$543K,4.04x,Slightly BearishBias Score: -0.35,-$466,+$31.1K,+$341K,+$627K,9.html
85,0x5986347c1d0133d02d307f08bb1efd44c2eb89d9,227d,$1.17M,$2.71M,2.32x,Very BearishBias Score: -2.32,+$57.8K,+$89.5K,+$133K,+$625K,9.html
86,0x654086857e1fad6dcf05cf6695cce51ea3984268,298d,$25.1K,$24K,0.96x,Very BullishBias Score: 0.96,-$23.9,-$1.48K,+$21.1K,+$624K,9.html
88,0x48cd535b80439fefd6d00f74e5cf9b152adf2671,535d,$33.2K,$3.51,0x,Indecisive¬†-Bias Score: 0,-$0.11,-$0.5,-$0.5,+$622K,9.html
90,0x95e2687b07f0dec34462fdab6bbebcc0b3ab49c6,59d,$385K,$1.08M,2.82x,Very BearishBias Score: -2.82,+$32.5K,+$167K,+$285K,+$621K,9.html
94,0x208db9f389989c5c387cc3a2620cc5251eace716,332d,$7.58M,$7.45M,0.98x,Very BearishBias Score: -0.93,+$69.4K,+$364K,-$717K,+$617K,9.html
96,0x7894bb4cd20e08c2ec1895968dd0b3d97edca5f7,542d,$311K,$414K,1.33x,Very BullishBias Score: 1.33,-$734,-$63.9K,-$44.4K,+$615K,9.html
97,0x53d25bd6716b505ace53b0db3d4590619d2142de,130d,$0.01,$0,0x,No Position¬†-Bias Score: 0,$0,$0,-$4.79K,+$614K,9.html
99,0x31b1ac74a39fa92604c3bccac20453f2e3eebfaa,577d,$2.61M,$443K,0.17x,Slightly BearishBias Score: -0.12,-$3.1K,+$50.4K,-$73K,+$613K,9.html
